DateTime,currency,event,actual,previous,Close_5min_before,Close_at_release,Close_5min_after,Close_24h_after,Close_48h_after
2024-01-02 14:45:00,USD,Final Manufacturing PMI,47.9,48.2,141.939,141.947,141.99,143.252,144.581
2024-01-02 15:00:00,USD,Construction Spending m/m,0.4%,1.2%,141.982,141.952,141.958,143.258,144.567
2024-01-03 15:00:00,USD,ISM Manufacturing PMI,47.4,46.7,143.3,143.258,143.167,144.567,144.668
2024-01-04 00:30:00,JPY,Final Manufacturing PMI,47.9,47.7,143.617,143.64,143.824,144.674,0.0
2024-01-04 12:30:00,USD,Challenger Job Cuts y/y,-20.2%,-40.8%,144.563,144.615,144.647,144.77,0.0
2024-01-04 13:15:00,USD,ADP Non-Farm Employment Change,164K,101K,144.598,144.642,144.69,144.817,0.0
2024-01-04 13:30:00,USD,Unemployment Claims,202K,220K,144.628,144.618,144.579,144.808,0.0
2024-01-04 14:45:00,USD,Final Services PMI,51.4,51.3,144.598,144.581,144.515,144.636,0.0
2024-01-04 15:30:00,USD,Natural Gas Storage,-14B,-87B,144.566,144.578,144.566,144.673,0.0
2024-01-04 16:00:00,USD,Crude Oil Inventories,-5.5M,-7.1M,144.585,144.609,144.593,144.763,0.0
2024-01-04 23:50:00,JPY,Monetary Base y/y,7.8%,8.9%,144.841,144.858,144.832,0.0,0.0
2024-01-05 05:00:00,JPY,Consumer Confidence,37.2,36.1,145.155,145.198,145.254,0.0,0.0
2024-01-08 20:00:00,USD,Consumer Credit m/m,23.8B,5.8B,143.865,143.924,143.832,144.545,145.462
2024-01-08 23:30:00,JPY,Tokyo Core CPI y/y,2.1%,2.3%,143.605,143.634,143.664,144.809,145.362
2024-01-09 11:00:00,USD,NFIB Small Business Index,91.9,90.6,144.288,144.331,144.349,145.563,145.945
2024-01-09 15:02:00,USD,RCM/TIPP Economic Optimism,44.7,40.0,144.554,144.435,144.418,145.655,145.517
2024-01-09 23:30:00,JPY,Average Cash Earnings y/y,0.2%,1.5%,144.84,144.809,144.828,145.362,145.032
2024-01-10 03:35:00,JPY,10-y Bond Auction,0.60|2.9,0.70|2.8,144.906,144.954,144.958,145.402,144.979
2024-01-10 15:00:00,USD,Final Wholesale Inventories m/m,-0.2%,-0.2%,145.649,145.678,145.653,145.49,144.862
2024-01-10 15:30:00,USD,Crude Oil Inventories,1.3M,-5.5M,145.744,145.729,145.696,145.447,144.887
2024-01-10 18:01:00,USD,10-y Bond Auction,4.02|2.6,4.30|2.5,145.64,145.668,145.619,145.316,0.0
2024-01-11 05:00:00,JPY,Leading Indicators,107.7%,108.9%,145.511,145.541,145.566,145.116,0.0
2024-01-11 13:30:00,USD,Core CPI m/m,0.3%,0.3%,145.929,145.973,145.987,144.911,0.0
2024-01-11 15:30:00,USD,Natural Gas Storage,-140B,-14B,145.458,145.447,145.452,144.887,0.0
2024-01-11 18:01:00,USD,30-y Bond Auction,4.23|2.4,4.34|2.4,145.329,145.316,145.234,0.0,0.0
2024-01-11 19:00:00,USD,Federal Budget Balance,-129.4B,-314.0B,145.04,145.112,145.154,0.0,0.0
2024-01-11 23:50:00,JPY,Bank Lending y/y,3.1%,2.8%,145.032,144.999,144.979,0.0,0.0
2024-01-12 03:35:00,JPY,30-y Bond Auction,1.63|3.0,1.62|2.6,144.975,144.979,145.062,0.0,0.0
2024-01-12 05:00:00,JPY,Economy Watchers Sentiment,50.7,49.5,145.104,145.116,145.103,0.0,0.0
2024-01-12 13:30:00,USD,Core PPI m/m,0.0%,0.0%,144.917,144.911,144.933,0.0,0.0
2024-01-14 23:50:00,JPY,M2 Money Stock y/y,2.3%,2.3%,145.142,145.149,145.16,146.097,147.319
2024-01-15 05:59:00,JPY,Prelim Machine Tool Orders y/y,-9.9%,-13.6%,145.688,145.672,145.629,146.66,147.753
2024-01-15 23:50:00,JPY,PPI y/y,0.0%,0.3%,146.175,146.097,146.12,147.319,147.93
2024-01-17 14:15:00,USD,Industrial Production m/m,0.1%,0.0%,148.276,148.301,148.295,148.159,148.182
2024-01-17 15:00:00,USD,Business Inventories m/m,-0.1%,-0.1%,148.253,148.27,148.269,148.226,148.185
2024-01-17 23:50:00,JPY,Core Machinery Orders m/m,-4.9%,0.7%,147.923,147.93,147.912,148.313,0.0
2024-01-18 04:30:00,JPY,Revised Industrial Production m/m,-0.9%,-0.9%,147.81,147.722,147.669,148.072,0.0
2024-01-18 13:30:00,USD,Unemployment Claims,187K,203K,148.146,148.111,148.135,148.211,0.0
2024-01-18 16:00:00,USD,Crude Oil Inventories,-2.5M,1.3M,148.205,148.188,148.175,148.14,0.0
2024-01-18 23:30:00,JPY,National Core CPI y/y,2.3%,2.5%,148.344,148.323,148.308,0.0,0.0
2024-01-19 04:30:00,JPY,Tertiary Industry Activity m/m,-0.7%,-0.2%,148.05,148.072,148.123,0.0,0.0
2024-01-19 15:00:00,USD,Prelim UoM Consumer Sentiment,78.8,69.7,148.158,148.185,148.156,0.0,0.0
2024-01-19 21:00:00,USD,TIC Long-Term Purchases,126.1B,3.4B,0.0,0.0,0.0,0.0,147.853
2024-01-22 15:00:00,USD,CB Leading Index m/m,-0.1%,-0.5%,148.02,148.039,148.089,148.393,147.555
2024-01-23 05:00:00,JPY,BOJ Core CPI y/y,2.6%,2.7%,147.672,147.739,147.859,147.546,147.647
2024-01-23 14:59:00,USD,Richmond Manufacturing Index,-15,-11,148.375,148.378,148.381,147.562,147.838
2024-01-23 23:50:00,JPY,Trade Balance,-0.41T,-0.35T,147.832,147.857,147.87,147.772,147.765
2024-01-24 00:30:00,JPY,Flash Manufacturing PMI,48.0,47.9,147.951,147.902,147.922,147.739,147.783
2024-01-25 13:30:00,USD,Advance GDP q/q,3.3%,4.9%,147.731,147.719,147.744,148.032,0.0
2024-01-25 15:00:00,USD,New Home Sales,664K,615K,147.806,147.827,147.805,148.108,0.0
2024-01-25 15:30:00,USD,Natural Gas Storage,-326B,-154B,147.783,147.761,147.764,148.057,0.0
2024-01-25 23:30:00,JPY,Tokyo Core CPI y/y,1.6%,2.1%,147.706,147.692,147.721,0.0,0.0
2024-01-26 13:30:00,USD,Core PCE Price Index m/m,0.2%,0.1%,148.003,148.032,148.076,0.0,0.0
2024-01-26 15:00:00,USD,Pending Home Sales m/m,8.3%,-0.3%,148.087,148.108,148.087,0.0,0.0
2024-01-29 23:30:00,JPY,Unemployment Rate,2.4%,2.5%,147.35,147.318,147.322,147.667,146.777
2024-01-30 14:00:00,USD,S&P/CS Composite-20 HPI y/y,5.4%,4.9%,147.754,147.762,147.742,146.729,146.342
2024-01-30 15:00:00,USD,CB Consumer Confidence,114.8,108.0,147.606,147.602,147.611,146.371,146.275
2024-01-31 05:00:00,JPY,Consumer Confidence,38.0,37.2,147.695,147.724,147.747,146.843,146.7
2024-01-31 13:15:00,USD,ADP Non-Farm Employment Change,107K,158K,146.431,146.408,146.419,146.388,148.488
2024-01-31 14:45:00,USD,Chicago PMI,46.0,46.9,146.34,146.121,146.172,146.224,148.292
2024-01-31 15:30:00,USD,Crude Oil Inventories,1.2M,-9.2M,147.265,147.252,147.429,146.325,148.305
2024-01-31 19:00:00,USD,Federal Funds Rate,5.50%,5.50%,146.91,147.006,147.002,146.457,0.0
2024-02-01 03:35:00,JPY,10-y Bond Auction,0.74|3.6,0.60|2.9,146.642,146.685,146.65,146.632,0.0
2024-02-01 13:30:00,USD,Unemployment Claims,224K,215K,146.409,146.476,146.415,148.389,0.0
2024-02-01 14:45:00,USD,Final Manufacturing PMI,50.7,50.3,146.244,146.224,146.272,148.292,0.0
2024-02-01 15:00:00,USD,ISM Manufacturing PMI,49.1,47.4,146.261,146.275,146.286,148.309,0.0
2024-02-01 15:30:00,USD,Natural Gas Storage,-197B,-326B,146.321,146.325,146.309,148.305,0.0
2024-02-01 23:50:00,JPY,Monetary Base y/y,4.8%,7.8%,146.421,146.45,146.438,0.0,0.0
2024-02-02 13:30:00,USD,Average Hourly Earnings m/m,0.6%,0.4%,148.432,148.389,148.344,0.0,0.0
2024-02-02 15:00:00,USD,Revised UoM Consumer Sentiment,79.0,78.8,148.306,148.309,148.26,0.0,0.0
2024-02-05 14:45:00,USD,Final Services PMI,52.5,52.9,148.634,148.685,148.673,147.977,148.119
2024-02-05 15:00:00,USD,ISM Services PMI,53.4,50.6,148.696,148.705,148.693,147.941,148.132
2024-02-05 23:30:00,JPY,Average Cash Earnings y/y,1.0%,0.7%,148.549,148.495,148.483,147.884,148.411
2024-02-06 15:06:00,USD,RCM/TIPP Economic Optimism,44.0,44.7,147.949,147.908,147.873,148.142,149.373
2024-02-07 03:35:00,JPY,30-y Bond Auction,1.79|3.2,1.63|3.0,147.993,148.026,148.03,148.828,149.527
2024-02-07 05:00:00,JPY,Leading Indicators,110.0%,108.1%,147.91,147.926,147.96,148.746,149.44
2024-02-07 15:30:00,USD,Crude Oil Inventories,5.5M,1.2M,148.143,148.154,148.183,149.332,149.3
2024-02-07 18:01:00,USD,10-y Bond Auction,4.09|2.6,4.02|2.6,148.054,148.049,148.042,149.279,0.0
2024-02-07 20:00:00,USD,Consumer Credit m/m,1.6B,23.5B,148.037,148.059,148.059,149.359,0.0
2024-02-07 23:50:00,JPY,Bank Lending y/y,3.1%,3.0%,148.453,148.44,148.484,149.43,0.0
2024-02-08 05:00:00,JPY,Economy Watchers Sentiment,50.2,50.7,148.762,148.746,148.774,149.44,0.0
2024-02-08 13:30:00,USD,Unemployment Claims,218K,227K,149.268,149.304,149.306,149.335,0.0
2024-02-08 15:30:00,USD,Natural Gas Storage,-75B,-197B,149.343,149.332,149.354,149.3,0.0
2024-02-08 18:01:00,USD,30-y Bond Auction,4.36|2.4,4.23|2.4,149.28,149.279,149.259,0.0,0.0
2024-02-08 23:50:00,JPY,M2 Money Stock y/y,2.4%,2.3%,149.403,149.43,149.416,0.0,0.0
2024-02-12 14:45:00,USD,Cleveland Fed Inflation Expectations,3.4%,4.2%,149.358,149.381,149.393,150.824,150.56
2024-02-12 19:00:00,USD,Federal Budget Balance,-21.9B,-129.4B,149.403,149.409,149.365,150.699,150.534
2024-02-12 23:50:00,JPY,PPI y/y,0.2%,0.2%,149.545,149.556,149.562,150.422,150.152
2024-02-13 05:58:00,JPY,Prelim Machine Tool Orders y/y,-14.1%,-9.6%,149.504,149.523,149.504,150.592,150.037
2024-02-13 11:00:00,USD,NFIB Small Business Index,89.9,91.9,150.565,150.582,150.536,150.612,150.071
2024-02-13 13:30:00,USD,Core CPI m/m,0.4%,0.3%,150.793,150.785,150.79,150.49,149.985
2024-02-14 15:30:00,USD,Crude Oil Inventories,12.0M,5.5M,150.521,150.523,150.51,149.954,150.259
2024-02-14 23:50:00,JPY,Prelim GDP Price Index y/y,3.8%,5.3%,150.159,150.152,150.136,150.243,0.0
2024-02-15 04:30:00,JPY,Revised Industrial Production m/m,1.4%,1.8%,150.058,150.053,150.035,150.226,0.0
2024-02-15 14:15:00,USD,Industrial Production m/m,-0.1%,0.0%,149.857,149.923,149.923,150.108,0.0
2024-02-15 15:00:00,USD,Business Inventories m/m,0.4%,-0.1%,149.968,149.95,149.979,150.245,0.0
2024-02-15 21:00:00,USD,TIC Long-Term Purchases,160.2B,99.7B,150.061,150.07,150.115,0.0,0.0
2024-02-16 04:30:00,JPY,Tertiary Industry Activity m/m,0.7%,-1.4%,150.246,150.226,150.23,0.0,0.0
2024-02-16 15:00:00,USD,Prelim UoM Consumer Sentiment,79.6,79.0,150.189,150.245,150.245,0.0,0.0
2024-02-18 23:50:00,JPY,Core Machinery Orders m/m,2.7%,-4.9%,149.994,149.992,150.02,150.331,149.977
2024-02-20 15:00:00,USD,CB Leading Index m/m,-0.4%,-0.2%,150.009,150.021,150.054,150.183,150.542
2024-02-20 23:50:00,JPY,Trade Balance,0.24T,-0.44T,149.994,149.977,149.978,150.284,150.52
2024-02-22 00:30:00,JPY,Flash Manufacturing PMI,47.2,48.0,150.285,150.282,150.282,150.581,0.0
2024-02-22 14:45:00,USD,Flash Manufacturing PMI,51.5,50.7,150.575,150.55,150.552,150.435,0.0
2024-02-22 15:00:00,USD,Existing Home Sales,4.00M,3.88M,150.55,150.542,150.54,150.455,0.0
2024-02-22 15:30:00,USD,Natural Gas Storage,-60B,-49B,150.505,150.518,150.564,150.475,0.0
2024-02-22 16:00:00,USD,Crude Oil Inventories,3.5M,12.0M,150.508,150.504,150.508,150.497,0.0
2024-02-25 23:50:00,JPY,SPPI y/y,2.1%,2.4%,150.514,150.491,150.513,150.462,150.606
2024-02-26 15:00:00,USD,New Home Sales,661K,651K,150.752,150.748,150.741,150.53,150.695
2024-02-26 23:30:00,JPY,National Core CPI y/y,2.0%,2.3%,150.433,150.41,150.419,150.572,149.803
2024-02-27 13:30:00,USD,Durable Goods Orders m/m,-6.1%,-0.3%,150.34,150.363,150.375,150.667,149.913
2024-02-27 14:00:00,USD,S&P/CS Composite-20 HPI y/y,6.1%,5.4%,150.444,150.472,150.501,150.709,149.871
2024-02-27 14:59:00,USD,Richmond Manufacturing Index,-5,-15,150.539,150.53,150.518,150.695,149.966
2024-02-27 15:00:00,USD,CB Consumer Confidence,106.7,110.9,150.527,150.53,150.512,150.695,149.925
2024-02-28 23:50:00,JPY,Prelim Industrial Production m/m,-7.5%,1.4%,149.855,149.823,149.836,150.359,0.0
2024-02-29 05:00:00,JPY,Housing Starts y/y,-7.5%,-4.0%,149.768,149.797,149.832,150.637,0.0
2024-02-29 05:02:00,JPY,BOJ Core CPI y/y,2.6%,2.6%,149.715,149.824,149.851,150.591,0.0
2024-02-29 14:45:00,USD,Chicago PMI,44.0,46.0,149.916,149.97,149.968,150.111,0.0
2024-02-29 15:00:00,USD,Pending Home Sales m/m,-4.9%,5.7%,149.976,149.925,149.931,150.123,0.0
2024-02-29 15:30:00,USD,Natural Gas Storage,-96B,-60B,149.933,149.945,149.945,150.122,0.0
2024-02-29 23:30:00,JPY,Unemployment Rate,2.4%,2.4%,150.372,150.386,150.387,0.0,0.0
2024-03-01 00:30:00,JPY,Final Manufacturing PMI,47.2,47.2,150.432,150.465,150.463,0.0,0.0
2024-03-01 05:00:00,JPY,Consumer Confidence,39.1,38.0,150.596,150.637,150.606,0.0,0.0
2024-03-01 14:45:00,USD,Final Manufacturing PMI,52.2,51.5,150.11,150.111,150.112,0.0,0.0
2024-03-01 15:00:00,USD,ISM Manufacturing PMI,47.8,49.1,150.102,150.123,150.1,0.0,0.0
2024-03-03 23:50:00,JPY,Capital Spending q/y,16.4%,3.4%,150.186,150.204,150.26,150.515,149.944
2024-03-04 23:30:00,JPY,Tokyo Core CPI y/y,2.5%,1.8%,150.508,150.504,150.503,149.973,148.416
2024-03-05 03:35:00,JPY,10-y Bond Auction,0.72|3.2,0.74|3.6,150.377,150.362,150.388,149.762,147.827
2024-03-05 14:45:00,USD,Final Services PMI,52.3,51.3,149.968,149.943,149.943,149.366,148.024
2024-03-05 15:00:00,USD,ISM Services PMI,52.6,53.4,149.932,149.926,149.946,149.353,147.996
2024-03-05 15:36:00,USD,RCM/TIPP Economic Optimism,43.5,44.0,149.859,149.904,149.895,149.421,148.046
2024-03-06 13:15:00,USD,ADP Non-Farm Employment Change,140K,111K,149.227,149.24,149.23,148.058,147.129
2024-03-06 23:30:00,JPY,Average Cash Earnings y/y,2.0%,0.8%,148.542,148.416,148.505,147.863,0.0
2024-03-07 03:35:00,JPY,30-y Bond Auction,1.77|2.9,1.79|3.2,147.902,147.827,147.88,147.907,0.0
2024-03-07 12:30:00,USD,Challenger Job Cuts y/y,8.8%,-20.0%,148.146,148.173,148.159,147.046,0.0
2024-03-07 15:30:00,USD,Natural Gas Storage,-40B,-96B,148.033,148.049,148.043,147.097,0.0
2024-03-07 20:00:00,USD,Consumer Credit m/m,19.5B,0.9B,147.707,147.735,147.773,0.0,0.0
2024-03-07 23:30:00,JPY,Household Spending y/y,-6.3%,-2.5%,147.863,147.863,147.87,0.0,0.0
2024-03-07 23:50:00,JPY,Bank Lending y/y,3.0%,3.1%,147.894,147.893,147.82,0.0,0.0
2024-03-08 05:00:00,JPY,Leading Indicators,109.9%,110.2%,147.041,147.106,147.138,0.0,0.0
2024-03-08 06:00:00,JPY,Economy Watchers Sentiment,51.3,50.2,147.125,147.102,147.027,0.0,0.0
2024-03-10 22:50:00,JPY,Final GDP q/q,0.1%,-0.1%,146.986,146.94,146.951,147.366,147.359
2024-03-11 04:59:00,JPY,Prelim Machine Tool Orders y/y,-8.0%,-14.0%,146.522,146.611,146.617,147.422,147.989
2024-03-11 22:50:00,JPY,BSI Manufacturing Index,-6.7,5.7,147.365,147.366,147.358,147.359,147.851
2024-03-12 09:00:00,USD,NFIB Small Business Index,89.4,89.9,147.825,147.786,147.913,147.882,148.04
2024-03-12 11:30:00,USD,Core CPI m/m,0.4%,0.4%,147.7,147.724,147.703,147.686,148.16
2024-03-12 16:01:00,USD,10-y Bond Auction,4.17|2.5,4.09|2.6,147.655,147.61,147.629,147.626,148.301
2024-03-12 17:00:00,USD,Federal Budget Balance,-296.3B,-21.9B,147.644,147.616,147.599,147.662,148.262
2024-03-13 13:30:00,USD,Crude Oil Inventories,-1.5M,1.4M,147.676,147.67,147.658,148.353,149.036
2024-03-13 16:01:00,USD,30-y Bond Auction,4.33|2.5,4.36|2.4,147.756,147.626,147.656,148.301,0.0
2024-03-14 13:00:00,USD,Business Inventories m/m,0.0%,0.3%,148.263,148.295,148.292,149.032,0.0
2024-03-14 13:30:00,USD,Natural Gas Storage,-9B,-40B,148.316,148.353,148.332,149.036,0.0
2024-03-15 03:30:00,JPY,Tertiary Industry Activity m/m,0.3%,0.5%,148.691,148.711,148.817,0.0,0.0
2024-03-15 12:15:00,USD,Industrial Production m/m,0.1%,-0.5%,149.033,149.052,149.035,0.0,0.0
2024-03-15 13:00:00,USD,Prelim UoM Consumer Sentiment,76.5,76.9,149.045,149.032,149.016,0.0,0.0
2024-03-17 22:50:00,JPY,Core Machinery Orders m/m,-1.7%,2.7%,149.059,149.055,149.08,149.606,151.289
2024-03-18 13:00:00,USD,NAHB Housing Market Index,51,48,149.102,149.1,149.098,150.885,151.474
2024-03-19 02:36:00,JPY,BOJ Policy Rate,<0.10%,-0.10%,150.046,150.112,150.275,151.359,150.995
2024-03-19 19:00:00,USD,TIC Long-Term Purchases,36.1B,158.6B,151.019,151.047,151.239,150.748,151.631
2024-03-20 17:00:00,USD,Federal Funds Rate,5.50%,5.50%,151.199,151.199,151.155,151.586,0.0
2024-03-20 22:50:00,JPY,Trade Balance,-0.45T,0.01T,150.511,150.532,150.502,151.537,0.0
2024-03-21 12:45:00,USD,Flash Manufacturing PMI,52.5,52.2,151.72,151.723,151.721,151.383,0.0
2024-03-21 13:00:00,USD,Existing Home Sales,4.38M,4.00M,151.72,151.713,151.701,151.424,0.0
2024-03-21 13:30:00,USD,Natural Gas Storage,7B,-9B,151.69,151.68,151.697,151.41,0.0
2024-03-21 22:30:00,JPY,National Core CPI y/y,2.8%,2.0%,151.572,151.523,151.569,0.0,0.0
2024-03-25 13:00:00,USD,New Home Sales,662K,664K,151.498,151.515,151.496,151.567,151.393
2024-03-25 22:50:00,JPY,SPPI y/y,2.1%,2.1%,151.407,151.405,151.417,151.718,151.344
2024-03-26 04:00:00,JPY,BOJ Core CPI y/y,2.3%,2.6%,151.267,151.268,151.253,151.784,151.429
2024-03-26 11:30:00,USD,Core Durable Goods Orders m/m,0.5%,-0.4%,151.514,151.489,151.488,151.368,151.301
2024-03-26 12:00:00,USD,S&P/CS Composite-20 HPI y/y,6.6%,6.2%,151.529,151.505,151.468,151.33,151.345
2024-03-26 12:59:00,USD,Richmond Manufacturing Index,-11,-5,151.549,151.562,151.563,151.388,151.384
2024-03-26 13:00:00,USD,CB Consumer Confidence,104.7,104.8,151.545,151.567,151.552,151.393,151.383
2024-03-27 13:30:00,USD,Crude Oil Inventories,3.2M,-2.0M,151.384,151.387,151.381,151.399,151.324
2024-03-28 12:45:00,USD,Chicago PMI,41.4,44.0,151.356,151.386,151.375,151.303,0.0
2024-03-28 13:00:00,USD,Pending Home Sales m/m,1.6%,-4.7%,151.374,151.383,151.384,151.31,0.0
2024-03-28 13:30:00,USD,Natural Gas Storage,-36B,7B,151.396,151.399,151.395,151.324,0.0
2024-03-28 22:30:00,JPY,Tokyo Core CPI y/y,2.4%,2.5%,151.301,151.277,151.284,0.0,0.0
2024-03-28 22:50:00,JPY,Prelim Industrial Production m/m,-0.1%,-6.7%,151.285,151.293,151.296,0.0,0.0
2024-03-29 04:00:00,JPY,Housing Starts y/y,-8.2%,-7.5%,151.346,151.347,151.345,0.0,0.0
2024-03-29 11:30:00,USD,Core PCE Price Index m/m,0.3%,0.5%,151.227,151.226,151.23,0.0,0.0
2024-03-31 22:50:00,JPY,Tankan Manufacturing Index,11,12,151.295,151.292,151.303,151.712,151.587
2024-03-31 23:30:00,JPY,Final Manufacturing PMI,48.2,48.2,151.335,151.325,151.324,151.743,151.561
2024-04-01 12:45:00,USD,Final Manufacturing PMI,51.9,52.5,151.699,151.699,151.694,151.574,151.647
2024-04-01 13:00:00,USD,ISM Manufacturing PMI,50.3,47.8,151.7,151.699,151.653,151.585,151.656
2024-04-01 22:50:00,JPY,Monetary Base y/y,1.6%,2.4%,151.698,151.712,151.678,151.587,151.691
2024-04-02 02:35:00,JPY,10-y Bond Auction,0.75|3.8,0.72|3.2,151.718,151.718,151.727,151.639,151.633
2024-04-02 13:00:00,USD,JOLTS Job Openings,8.76M,8.75M,151.598,151.585,151.613,151.656,151.655
2024-04-03 11:15:00,USD,ADP Non-Farm Employment Change,184K,155K,151.765,151.743,151.743,151.678,151.585
2024-04-03 12:45:00,USD,Final Services PMI,51.7,51.7,151.637,151.647,151.67,151.652,151.599
2024-04-03 13:00:00,USD,ISM Services PMI,51.4,52.6,151.668,151.656,151.685,151.655,151.575
2024-04-03 13:30:00,USD,Crude Oil Inventories,3.2M,3.2M,151.657,151.667,151.69,151.656,151.576
2024-04-04 02:35:00,JPY,30-y Bond Auction,1.81|3.5,1.77|2.9,151.665,151.633,151.67,151.273,0.0
2024-04-04 13:30:00,USD,Natural Gas Storage,-37B,-36B,151.647,151.656,151.653,151.576,0.0
2024-04-04 22:30:00,JPY,Household Spending y/y,-0.5%,-6.3%,151.162,151.168,151.167,0.0,0.0
2024-04-05 04:00:00,JPY,Leading Indicators,111.8%,109.5%,151.297,151.357,151.31,0.0,0.0
2024-04-05 18:00:00,USD,Consumer Credit m/m,14.1B,17.7B,0.0,0.0,0.0,0.0,151.667
2024-04-07 22:30:00,JPY,Average Cash Earnings y/y,1.8%,1.5%,151.737,151.718,151.726,151.846,151.734
2024-04-07 22:50:00,JPY,Current Account,1.37T,2.75T,151.711,151.699,151.734,151.869,151.744
2024-04-08 04:00:00,JPY,Economy Watchers Sentiment,49.8,51.3,151.852,151.876,151.852,151.906,151.833
2024-04-09 04:00:00,JPY,Consumer Confidence,39.5,39.1,151.917,151.906,151.895,151.833,153.131
2024-04-09 04:58:00,JPY,Prelim Machine Tool Orders y/y,-3.8%,-8.0%,151.872,151.886,151.884,151.849,153.247
2024-04-09 09:00:00,USD,NFIB Small Business Index,88.5,89.4,151.75,151.78,151.76,152.44,152.901
2024-04-09 13:06:00,USD,RCM/TIPP Economic Optimism,43.2,43.5,151.688,151.683,151.692,152.971,153.217
2024-04-09 22:50:00,JPY,Bank Lending y/y,3.2%,3.0%,151.719,151.744,151.753,152.845,153.151
2024-04-10 13:00:00,USD,Final Wholesale Inventories m/m,0.5%,0.5%,152.959,152.94,152.963,153.235,153.07
2024-04-10 16:01:00,USD,10-y Bond Auction,4.56|2.3,4.17|2.5,152.965,152.949,152.947,153.228,153.254
2024-04-10 22:50:00,JPY,M2 Money Stock y/y,2.5%,2.4%,152.846,152.845,152.852,153.151,0.0
2024-04-11 11:30:00,USD,Core PPI m/m,0.2%,0.3%,153.281,153.308,153.283,153.078,0.0
2024-04-11 13:30:00,USD,Natural Gas Storage,24B,-37B,153.223,153.237,153.227,153.082,0.0
2024-04-11 16:01:00,USD,30-y Bond Auction,4.67|2.4,4.33|2.5,153.189,153.228,153.229,153.254,0.0
2024-04-12 03:30:00,JPY,Revised Industrial Production m/m,-0.6%,-0.1%,153.312,153.256,153.275,0.0,0.0
2024-04-12 11:30:00,USD,Import Prices m/m,0.4%,0.3%,153.026,153.078,153.137,0.0,0.0
2024-04-12 13:00:00,USD,Prelim UoM Consumer Sentiment,77.9,79.4,153.079,153.07,153.092,0.0,0.0
2024-04-14 23:50:00,JPY,Core Machinery Orders m/m,7.7%,-1.7%,153.681,153.662,153.675,154.339,154.657
2024-04-15 14:00:00,USD,Business Inventories m/m,0.4%,0.0%,154.207,154.187,154.177,154.729,154.302
2024-04-16 13:15:00,USD,Industrial Production m/m,0.4%,0.4%,154.63,154.657,154.69,154.319,154.632
2024-04-16 23:50:00,JPY,Trade Balance,-0.70T,-0.57T,154.61,154.657,154.647,154.269,154.246
2024-04-17 14:30:00,USD,Crude Oil Inventories,2.7M,5.8M,154.281,154.3,154.296,154.633,154.605
2024-04-17 20:00:00,USD,TIC Long-Term Purchases,71.5B,14.0B,154.33,154.335,154.396,154.613,0.0
2024-04-18 04:30:00,JPY,Tertiary Industry Activity m/m,1.5%,-0.5%,154.282,154.332,154.358,154.401,0.0
2024-04-18 12:30:00,USD,Unemployment Claims,212K,212K,154.599,154.615,154.608,154.593,0.0
2024-04-18 14:00:00,USD,Existing Home Sales,4.19M,4.38M,154.648,154.633,154.645,154.634,0.0
2024-04-18 14:30:00,USD,Natural Gas Storage,50B,24B,154.633,154.633,154.632,154.605,0.0
2024-04-18 23:30:00,JPY,National Core CPI y/y,2.6%,2.8%,154.208,154.353,154.313,0.0,0.0
2024-04-23 00:30:00,JPY,Flash Manufacturing PMI,49.9,48.2,154.75,154.738,154.743,154.848,155.476
2024-04-23 05:00:00,JPY,BOJ Core CPI y/y,2.2%,2.3%,154.851,154.843,154.828,154.889,155.665
2024-04-23 13:45:00,USD,Flash Manufacturing PMI,49.9,51.9,154.713,154.737,154.712,155.334,155.578
2024-04-23 13:59:00,USD,Richmond Manufacturing Index,-7,-11,154.749,154.749,154.727,155.287,155.564
2024-04-23 14:00:00,USD,New Home Sales,693K,637K,154.737,154.737,154.712,155.288,155.571
2024-04-23 23:50:00,JPY,SPPI y/y,2.3%,2.2%,154.842,154.833,154.841,155.44,156.036
2024-04-24 14:30:00,USD,Crude Oil Inventories,-6.4M,2.7M,155.292,155.295,155.317,155.545,157.725
2024-04-25 12:30:00,USD,Advance GDP q/q,1.6%,3.4%,155.579,155.527,155.538,157.645,0.0
2024-04-25 14:00:00,USD,Pending Home Sales m/m,3.4%,1.6%,155.588,155.571,155.578,157.7,0.0
2024-04-25 14:30:00,USD,Natural Gas Storage,92B,50B,155.543,155.545,155.534,157.725,0.0
2024-04-25 23:30:00,JPY,Tokyo Core CPI y/y,1.6%,2.4%,155.814,155.927,156.011,0.0,0.0
2024-04-26 12:30:00,USD,Core PCE Price Index m/m,0.3%,0.3%,157.65,157.645,157.658,0.0,0.0
2024-04-26 14:00:00,USD,Revised UoM Consumer Sentiment,77.2,77.9,157.727,157.7,157.706,0.0,0.0
2024-04-29 23:30:00,JPY,Unemployment Rate,2.6%,2.6%,156.855,156.829,156.8,157.854,156.08
2024-04-29 23:50:00,JPY,Prelim Industrial Production m/m,3.8%,-0.6%,156.785,156.771,156.753,157.916,155.99
2024-04-30 05:00:00,JPY,Housing Starts y/y,-12.8%,-8.2%,156.896,156.894,156.902,157.95,155.162
2024-04-30 13:00:00,USD,S&P/CS Composite-20 HPI y/y,7.3%,6.6%,157.467,157.448,157.476,157.617,153.739
2024-04-30 13:45:00,USD,Chicago PMI,37.9,41.4,157.633,157.632,157.592,157.564,153.28
2024-04-30 14:00:00,USD,CB Consumer Confidence,97.0,103.1,157.606,157.557,157.57,157.439,153.333
2024-05-01 00:30:00,JPY,Final Manufacturing PMI,49.6,49.9,157.872,157.873,157.842,155.893,153.03
2024-05-01 12:15:00,USD,ADP Non-Farm Employment Change,192K,208K,157.618,157.654,157.649,153.785,152.825
2024-05-01 13:45:00,USD,Final Manufacturing PMI,50.0,49.9,157.571,157.564,157.592,153.28,152.89
2024-05-01 14:00:00,USD,ISM Manufacturing PMI,49.2,50.3,157.643,157.439,157.444,153.333,152.901
2024-05-01 14:30:00,USD,Crude Oil Inventories,7.3M,-6.4M,157.451,157.394,157.488,153.223,152.954
2024-05-01 18:00:00,USD,Federal Funds Rate,5.50%,5.50%,155.187,154.645,154.927,153.643,0.0
2024-05-01 23:50:00,JPY,Monetary Base y/y,2.1%,1.6%,155.994,155.99,155.914,152.973,0.0
2024-05-02 04:59:00,JPY,Consumer Confidence,38.3,39.5,155.233,155.146,155.031,153.19,0.0
2024-05-02 11:30:00,USD,Challenger Job Cuts y/y,-3.3%,0.7%,153.808,153.736,153.654,152.882,0.0
2024-05-02 14:00:00,USD,Factory Orders m/m,1.6%,1.2%,153.365,153.333,153.307,152.901,0.0
2024-05-02 14:30:00,USD,Natural Gas Storage,59B,92B,153.327,153.223,153.225,152.954,0.0
2024-05-03 12:30:00,USD,Average Hourly Earnings m/m,0.2%,0.3%,152.804,152.761,152.782,0.0,0.0
2024-05-03 13:45:00,USD,Final Services PMI,51.3,50.9,152.888,152.89,152.858,0.0,0.0
2024-05-03 14:00:00,USD,ISM Services PMI,49.4,51.4,152.868,152.901,152.934,0.0,0.0
2024-05-07 14:06:00,USD,RCM/TIPP Economic Optimism,41.8,43.2,154.684,154.683,154.669,155.571,155.526
2024-05-07 19:00:00,USD,Consumer Credit m/m,6.3B,15.0B,154.724,154.816,154.757,155.586,155.37
2024-05-08 03:35:00,JPY,10-y Bond Auction,0.86|3.2,0.75|3.8,155.224,155.248,155.247,155.789,155.75
2024-05-08 14:00:00,USD,Final Wholesale Inventories m/m,-0.4%,-0.4%,155.558,155.562,155.566,155.564,155.842
2024-05-08 14:30:00,USD,Crude Oil Inventories,-1.4M,7.3M,155.571,155.584,155.611,155.542,155.865
2024-05-08 17:01:00,USD,10-y Bond Auction,4.48|2.5,4.56|2.3,155.582,155.445,155.478,0.0,0.0
2024-05-08 23:30:00,JPY,Average Cash Earnings y/y,0.6%,1.4%,155.575,155.574,155.565,155.713,0.0
2024-05-09 05:00:00,JPY,Leading Indicators,111.4%,112.1%,155.823,155.85,155.861,155.711,0.0
2024-05-09 12:30:00,USD,Unemployment Claims,231K,209K,155.62,155.647,155.668,155.823,0.0
2024-05-09 14:30:00,USD,Natural Gas Storage,79B,59B,155.528,155.542,155.541,155.865,0.0
2024-05-09 17:01:00,USD,30-y Bond Auction,4.64|2.4,4.67|2.4,155.46,0.0,155.438,0.0,0.0
2024-05-09 23:30:00,JPY,Household Spending y/y,-1.2%,-0.5%,155.708,155.713,155.698,0.0,0.0
2024-05-09 23:50:00,JPY,Bank Lending y/y,3.1%,3.2%,155.697,155.716,155.733,0.0,0.0
2024-05-10 03:35:00,JPY,30-y Bond Auction,1.99|3.2,1.81|3.5,155.741,155.75,155.758,0.0,0.0
2024-05-10 05:00:00,JPY,Economy Watchers Sentiment,47.4,49.8,155.72,155.711,155.691,0.0,0.0
2024-05-10 14:00:00,USD,Prelim UoM Consumer Sentiment,67.4,77.2,155.84,155.842,155.864,0.0,0.0
2024-05-10 18:00:00,USD,Federal Budget Balance,209.5B,-236.5B,0.0,0.0,0.0,0.0,155.733
2024-05-12 23:50:00,JPY,M2 Money Stock y/y,2.2%,2.5%,155.758,155.749,155.748,156.431,156.415
2024-05-13 13:45:00,USD,Cleveland Fed Inflation Expectations,3.8%,3.4%,156.244,156.246,156.239,156.477,154.79
2024-05-13 23:50:00,JPY,PPI y/y,0.9%,0.9%,156.397,156.431,156.431,156.415,154.043
2024-05-14 05:58:00,JPY,Prelim Machine Tool Orders y/y,-11.6%,-3.8%,156.354,156.354,156.384,155.841,154.692
2024-05-14 10:00:00,USD,NFIB Small Business Index,89.7,88.5,156.36,156.386,156.376,155.71,155.47
2024-05-15 14:00:00,USD,Business Inventories m/m,-0.1%,0.3%,154.758,154.765,154.813,155.244,155.658
2024-05-15 20:00:00,USD,TIC Long-Term Purchases,100.5B,62.9B,154.249,154.387,154.432,155.38,0.0
2024-05-15 23:50:00,JPY,Prelim GDP q/q,-0.5%,0.1%,154.027,154.043,154.032,155.871,0.0
2024-05-16 04:30:00,JPY,Revised Industrial Production m/m,4.4%,3.8%,154.735,154.747,154.669,155.89,0.0
2024-05-16 12:30:00,USD,Unemployment Claims,222K,232K,155.298,155.329,155.32,155.567,0.0
2024-05-16 13:15:00,USD,Industrial Production m/m,0.0%,0.1%,155.237,155.215,155.253,155.623,0.0
2024-05-16 14:23:00,USD,Mortgage Delinquencies,3.94%,3.88%,155.296,155.275,155.286,155.645,0.0
2024-05-16 14:30:00,USD,Natural Gas Storage,70B,79B,155.284,155.283,155.295,155.646,0.0
2024-05-17 14:00:00,USD,CB Leading Index m/m,-0.6%,-0.3%,155.667,155.658,155.636,0.0,0.0
2024-05-20 04:30:00,JPY,Tertiary Industry Activity m/m,-2.4%,2.2%,155.74,155.729,155.729,156.207,156.458
2024-05-21 23:50:00,JPY,Core Machinery Orders m/m,2.9%,7.7%,156.302,156.314,156.304,156.733,157.069
2024-05-22 14:00:00,USD,Existing Home Sales,4.14M,4.22M,156.499,156.516,156.571,156.952,156.943
2024-05-22 14:30:00,USD,Crude Oil Inventories,1.8M,-2.5M,156.593,156.608,156.573,156.835,156.921
2024-05-23 00:30:00,JPY,Flash Manufacturing PMI,50.5,49.6,156.741,156.73,156.729,157.085,0.0
2024-05-23 13:45:00,USD,Flash Manufacturing PMI,50.9,50.0,156.97,156.981,156.962,156.906,0.0
2024-05-23 14:30:00,USD,Natural Gas Storage,78B,70B,156.853,156.835,156.867,156.921,0.0
2024-05-23 23:30:00,JPY,National Core CPI y/y,2.2%,2.6%,157.082,157.09,157.058,0.0,0.0
2024-05-24 14:00:00,USD,Revised UoM Consumer Sentiment,69.1,67.4,156.936,156.943,156.919,0.0,0.0
2024-05-27 23:50:00,JPY,SPPI y/y,2.8%,2.4%,156.663,156.668,156.664,157.301,157.401
2024-05-28 05:00:00,JPY,BOJ Core CPI y/y,1.8%,2.2%,156.885,156.884,156.948,157.098,156.921
2024-05-28 13:00:00,USD,S&P/CS Composite-20 HPI y/y,7.4%,7.3%,156.968,156.965,157.006,157.664,156.68
2024-05-28 14:00:00,USD,CB Consumer Confidence,102.0,97.5,157.093,157.093,157.092,157.638,156.752
2024-05-29 04:59:00,JPY,Consumer Confidence,36.2,38.3,157.091,157.099,157.119,156.944,157.296
2024-05-29 13:59:00,USD,Richmond Manufacturing Index,0,-7,157.646,157.634,157.634,156.749,157.218
2024-05-30 14:00:00,USD,Pending Home Sales m/m,-7.7%,3.6%,156.717,156.752,156.773,157.21,0.0
2024-05-30 14:30:00,USD,Natural Gas Storage,84B,78B,156.803,156.791,156.795,157.18,0.0
2024-05-30 15:00:00,USD,Crude Oil Inventories,-4.2M,1.8M,156.814,156.83,156.833,157.269,0.0
2024-05-30 23:30:00,JPY,Tokyo Core CPI y/y,1.9%,1.6%,156.752,156.81,156.776,0.0,0.0
2024-05-30 23:50:00,JPY,Prelim Industrial Production m/m,-0.1%,4.4%,156.833,156.834,156.807,0.0,0.0
2024-05-31 05:00:00,JPY,Housing Starts y/y,13.9%,-12.8%,157.262,157.344,157.311,0.0,0.0
2024-05-31 13:45:00,USD,Chicago PMI,35.4,37.9,157.201,157.211,157.201,0.0,0.0
2024-06-02 23:50:00,JPY,Capital Spending q/y,6.8%,16.4%,157.251,157.33,157.424,156.371,155.427
2024-06-03 00:30:00,JPY,Final Manufacturing PMI,50.4,50.5,157.402,157.4,157.424,156.32,155.534
2024-06-03 13:45:00,USD,Final Manufacturing PMI,51.3,50.9,156.102,156.1,156.128,154.57,156.11
2024-06-03 14:00:00,USD,ISM Manufacturing PMI,48.7,49.2,156.152,156.186,156.242,154.595,156.101
2024-06-03 23:50:00,JPY,Monetary Base y/y,0.9%,2.1%,156.374,156.371,156.374,155.427,155.573
2024-06-04 03:35:00,JPY,10-y Bond Auction,1.05|3.7,0.86|3.2,155.718,155.683,155.672,155.979,156.169
2024-06-04 14:00:00,USD,JOLTS Job Openings,8.06M,8.36M,154.59,154.595,154.624,156.101,155.764
2024-06-04 14:02:00,USD,RCM/TIPP Economic Optimism,40.5,41.8,154.616,154.621,154.618,156.099,155.737
2024-06-04 23:30:00,JPY,Average Cash Earnings y/y,2.1%,1.0%,155.415,155.403,155.417,155.552,155.786
2024-06-05 12:15:00,USD,ADP Non-Farm Employment Change,152K,188K,156.212,156.188,156.195,156.009,156.596
2024-06-05 14:00:00,USD,ISM Services PMI,53.8,49.4,156.1,156.101,156.101,155.764,156.576
2024-06-06 03:35:00,JPY,30-y Bond Auction,2.16|3.6,1.99|3.2,156.158,156.169,156.171,155.202,0.0
2024-06-06 11:30:00,USD,Challenger Job Cuts y/y,-20.3%,-3.3%,156.053,155.977,156.043,156.588,0.0
2024-06-06 14:30:00,USD,Natural Gas Storage,98B,84B,155.736,155.71,155.662,156.646,0.0
2024-06-06 23:30:00,JPY,Household Spending y/y,0.5%,-1.2%,155.799,155.786,155.785,0.0,0.0
2024-06-07 05:00:00,JPY,Leading Indicators,111.6%,112.2%,155.348,155.354,155.38,0.0,0.0
2024-06-07 14:00:00,USD,Final Wholesale Inventories m/m,0.1%,0.2%,156.599,156.576,156.576,0.0,0.0
2024-06-07 19:00:00,USD,Consumer Credit m/m,6.4B,-1.1B,0.0,0.0,0.0,0.0,156.885
2024-06-09 23:50:00,JPY,Bank Lending y/y,3.0%,3.1%,157.161,157.188,157.153,157.23,157.182
2024-06-10 05:00:00,JPY,Economy Watchers Sentiment,45.7,47.4,156.915,156.959,156.882,157.165,157.312
2024-06-10 23:50:00,JPY,M2 Money Stock y/y,1.9%,2.2%,157.236,157.23,157.227,157.182,157.044
2024-06-11 05:58:00,JPY,Prelim Machine Tool Orders y/y,4.2%,-8.9%,157.216,157.243,157.216,157.32,157.183
2024-06-11 10:00:00,USD,NFIB Small Business Index,90.5,89.7,157.141,157.128,157.155,155.839,157.153
2024-06-11 17:01:00,USD,10-y Bond Auction,4.44|2.7,4.48|2.5,157.12,157.027,157.093,156.668,0.0
2024-06-11 23:50:00,JPY,PPI y/y,2.4%,1.1%,157.192,157.182,157.183,157.044,157.818
2024-06-12 12:30:00,USD,Core CPI m/m,0.2%,0.3%,155.776,155.765,155.754,156.755,157.31
2024-06-12 14:30:00,USD,Crude Oil Inventories,3.7M,1.2M,156.272,156.164,156.394,156.935,157.306
2024-06-12 18:00:00,USD,Federal Funds Rate,5.50%,5.50%,156.602,156.65,156.607,157.022,0.0
2024-06-12 23:50:00,JPY,BSI Manufacturing Index,-1.0,-6.7,157.008,157.044,157.006,157.818,0.0
2024-06-13 12:30:00,USD,Core PPI m/m,0.0%,0.5%,156.756,156.755,156.813,157.31,0.0
2024-06-13 14:30:00,USD,Natural Gas Storage,74B,98B,156.929,156.935,156.918,157.306,0.0
2024-06-13 17:01:00,USD,30-y Bond Auction,4.40|2.5,4.64|2.4,157.035,0.0,156.968,0.0,0.0
2024-06-14 03:23:00,JPY,BOJ Policy Rate,<0.10%,<0.10%,157.929,157.959,158.0,0.0,0.0
2024-06-14 04:29:00,JPY,Revised Industrial Production m/m,-0.9%,-0.1%,157.607,157.63,157.685,0.0,0.0
2024-06-14 04:30:00,JPY,Tertiary Industry Activity m/m,1.9%,-2.3%,157.627,157.652,157.661,0.0,0.0
2024-06-14 14:00:00,USD,Prelim UoM Consumer Sentiment,65.6,69.1,157.323,157.304,157.316,0.0,0.0
2024-06-16 23:50:00,JPY,Core Machinery Orders m/m,-2.9%,2.9%,157.449,157.386,157.344,157.618,157.857
2024-06-18 12:30:00,USD,Core Retail Sales m/m,-0.1%,-0.1%,157.744,157.752,157.754,157.895,158.787
2024-06-18 13:15:00,USD,Industrial Production m/m,0.9%,0.0%,157.773,157.768,157.766,157.922,158.886
2024-06-18 14:00:00,USD,Business Inventories m/m,0.3%,-0.1%,157.858,157.862,157.827,157.942,158.885
2024-06-18 20:00:00,USD,TIC Long-Term Purchases,123.1B,102.6B,157.825,157.884,157.863,157.968,158.959
2024-06-19 14:00:00,USD,NAHB Housing Market Index,43,45,157.952,157.942,157.941,158.885,159.576
2024-06-20 15:00:00,USD,Crude Oil Inventories,-2.5M,3.7M,158.795,158.815,158.854,159.542,0.0
2024-06-20 23:30:00,JPY,National Core CPI y/y,2.5%,2.2%,158.933,158.93,158.932,0.0,0.0
2024-06-21 00:30:00,JPY,Flash Manufacturing PMI,50.1,50.4,158.893,158.895,158.893,0.0,0.0
2024-06-21 13:45:00,USD,Flash Manufacturing PMI,51.7,51.3,159.536,159.549,159.581,0.0,0.0
2024-06-21 14:00:00,USD,Existing Home Sales,4.11M,4.14M,159.588,159.576,159.538,0.0,0.0
2024-06-21 14:30:00,USD,Natural Gas Storage,71B,74B,159.586,159.593,159.591,0.0,0.0
2024-06-24 23:50:00,JPY,SPPI y/y,2.5%,2.7%,159.45,159.453,159.462,159.821,160.428
2024-06-25 05:00:00,JPY,BOJ Core CPI y/y,2.1%,1.8%,159.457,159.485,159.481,159.957,160.561
2024-06-25 13:00:00,USD,S&P/CS Composite-20 HPI y/y,7.2%,7.5%,159.724,159.739,159.693,160.643,160.701
2024-06-25 13:59:00,USD,Richmond Manufacturing Index,-10,0,159.69,159.73,159.705,160.634,160.725
2024-06-25 14:00:00,USD,CB Consumer Confidence,100.4,101.3,159.69,159.723,159.708,160.647,160.724
2024-06-26 14:00:00,USD,New Home Sales,619K,698K,160.671,160.647,160.658,160.724,160.8
2024-06-26 14:30:00,USD,Crude Oil Inventories,3.6M,-2.5M,160.723,160.726,160.722,160.763,160.713
2024-06-26 23:50:00,JPY,Retail Sales y/y,3.0%,2.0%,160.413,160.428,160.426,160.946,0.0
2024-06-27 12:30:00,USD,Final GDP q/q,1.4%,1.3%,160.7,160.712,160.713,160.829,0.0
2024-06-27 14:00:00,USD,Pending Home Sales m/m,-2.1%,-7.7%,160.71,160.724,160.716,160.8,0.0
2024-06-27 14:30:00,USD,Natural Gas Storage,52B,71B,160.754,160.763,160.751,160.713,0.0
2024-06-27 23:30:00,JPY,Tokyo Core CPI y/y,2.1%,1.9%,160.923,160.973,160.982,0.0,0.0
2024-06-27 23:50:00,JPY,Prelim Industrial Production m/m,2.8%,-0.9%,160.929,160.946,160.99,0.0,0.0
2024-06-28 05:00:00,JPY,Housing Starts y/y,-5.3%,13.9%,160.904,160.914,160.863,0.0,0.0
2024-06-28 13:45:00,USD,Chicago PMI,47.4,35.4,160.899,160.843,160.833,0.0,0.0
2024-06-28 14:00:00,USD,Revised UoM Consumer Sentiment,68.2,65.6,160.831,160.8,160.781,0.0,0.0
2024-06-30 23:50:00,JPY,Tankan Manufacturing Index,13,11,161.064,161.026,161.026,161.662,161.643
2024-07-01 00:30:00,JPY,Final Manufacturing PMI,50.0,50.1,161.039,161.036,161.053,161.636,161.647
2024-07-01 05:00:00,JPY,Consumer Confidence,36.4,36.2,160.997,161.008,160.994,161.611,161.851
2024-07-01 13:45:00,USD,Final Manufacturing PMI,51.6,51.7,161.467,161.46,161.482,161.557,161.556
2024-07-01 14:00:00,USD,ISM Manufacturing PMI,48.5,48.7,161.499,161.494,161.524,161.527,161.469
2024-07-01 23:50:00,JPY,Monetary Base y/y,0.6%,0.9%,161.649,161.662,161.675,161.643,161.535
2024-07-02 03:35:00,JPY,10-y Bond Auction,1.09|3.2,1.05|3.7,161.68,161.649,161.641,161.871,161.403
2024-07-02 14:00:00,USD,JOLTS Job Openings,8.14M,7.92M,161.519,161.527,161.517,161.469,161.169
2024-07-02 14:40:00,USD,RCM/TIPP Economic Optimism,44.2,40.5,161.468,161.482,161.473,161.645,161.245
2024-07-03 12:15:00,USD,ADP Non-Farm Employment Change,150K,157K,161.435,161.441,161.414,161.126,160.819
2024-07-03 13:45:00,USD,Final Services PMI,55.3,55.1,161.534,161.556,161.55,161.125,160.821
2024-07-03 14:00:00,USD,ISM Services PMI,48.8,53.8,161.535,161.469,161.532,161.169,160.836
2024-07-03 14:30:00,USD,Crude Oil Inventories,-12.2M,3.6M,161.643,161.638,161.628,161.244,160.745
2024-07-03 16:00:00,USD,Natural Gas Storage,32B,52B,161.708,161.717,161.713,161.246,160.771
2024-07-04 03:35:00,JPY,30-y Bond Auction,2.19|3.0,2.16|3.6,161.427,161.403,161.376,160.781,0.0
2024-07-04 23:30:00,JPY,Household Spending y/y,-1.8%,0.5%,160.608,160.605,160.615,0.0,0.0
2024-07-05 05:00:00,JPY,Leading Indicators,111.1%,110.9%,160.721,160.746,160.725,0.0,0.0
2024-07-07 23:30:00,JPY,Average Cash Earnings y/y,1.9%,1.6%,160.407,160.405,160.415,161.03,161.475
2024-07-07 23:50:00,JPY,Bank Lending y/y,3.2%,2.9%,160.529,160.527,160.46,161.092,161.427
2024-07-08 05:00:00,JPY,Economy Watchers Sentiment,47.0,45.7,161.061,161.091,161.046,161.061,161.521
2024-07-08 19:00:00,USD,Consumer Credit m/m,11.4B,6.5B,160.79,160.795,160.777,161.34,161.581
2024-07-08 23:50:00,JPY,M2 Money Stock y/y,1.5%,1.9%,161.039,161.092,161.078,161.427,161.671
2024-07-09 05:58:00,JPY,Prelim Machine Tool Orders y/y,9.7%,4.2%,161.005,161.032,161.016,161.574,161.547
2024-07-09 10:00:00,USD,NFIB Small Business Index,91.5,90.5,161.003,161.024,161.259,161.613,158.548
2024-07-09 23:50:00,JPY,PPI y/y,2.9%,2.6%,161.415,161.427,161.431,161.671,159.2
2024-07-10 14:30:00,USD,Crude Oil Inventories,-3.4M,-12.2M,161.792,161.786,161.776,158.848,157.925
2024-07-10 17:01:00,USD,10-y Bond Auction,4.28|2.6,4.44|2.7,161.721,161.603,161.608,0.0,0.0
2024-07-10 23:50:00,JPY,Core Machinery Orders m/m,-3.2%,-2.9%,161.667,161.671,161.662,159.2,0.0
2024-07-11 12:30:00,USD,Core CPI m/m,0.1%,0.2%,158.544,158.575,158.541,157.968,0.0
2024-07-11 14:30:00,USD,Natural Gas Storage,65B,32B,158.846,158.848,158.826,157.925,0.0
2024-07-11 17:01:00,USD,30-y Bond Auction,4.41|2.3,4.40|2.5,158.902,0.0,158.85,0.0,0.0
2024-07-11 18:00:00,USD,Federal Budget Balance,-66.0B,-347.1B,158.924,158.942,159.129,0.0,0.0
2024-07-12 04:30:00,JPY,Revised Industrial Production m/m,3.6%,2.8%,159.151,159.162,159.138,0.0,0.0
2024-07-12 14:00:00,USD,Prelim UoM Consumer Sentiment,66.0,68.2,157.972,157.972,157.937,0.0,0.0
2024-07-16 04:30:00,JPY,Tertiary Industry Activity m/m,-0.4%,2.2%,158.572,158.578,158.567,156.74,156.346
2024-07-16 14:00:00,USD,Business Inventories m/m,0.5%,0.3%,158.458,158.473,158.452,156.46,157.178
2024-07-17 13:15:00,USD,Industrial Production m/m,0.6%,0.9%,156.309,156.25,156.237,157.168,157.402
2024-07-17 14:30:00,USD,Crude Oil Inventories,-4.9M,-3.4M,156.201,156.18,156.214,157.218,157.45
2024-07-17 23:50:00,JPY,Trade Balance,-0.82T,-0.64T,156.474,156.534,156.459,157.378,0.0
2024-07-18 12:30:00,USD,Unemployment Claims,243K,223K,156.901,156.959,156.949,157.354,0.0
2024-07-18 14:00:00,USD,CB Leading Index m/m,-0.2%,-0.4%,157.189,157.178,157.187,157.42,0.0
2024-07-18 14:30:00,USD,Natural Gas Storage,10B,65B,157.192,157.218,157.234,157.45,0.0
2024-07-18 20:00:00,USD,TIC Long-Term Purchases,-54.6B,123.3B,157.122,157.172,157.124,0.0,0.0
2024-07-18 23:30:00,JPY,National Core CPI y/y,2.6%,2.5%,157.393,157.389,157.364,0.0,0.0
2024-07-23 05:00:00,JPY,BOJ Core CPI y/y,2.1%,2.1%,155.953,156.048,156.047,154.835,152.657
2024-07-23 13:59:00,USD,Richmond Manufacturing Index,-17,-10,155.65,155.69,155.712,153.825,154.033
2024-07-24 00:30:00,JPY,Flash Manufacturing PMI,49.2,50.0,154.882,154.809,154.813,152.492,153.734
2024-07-24 14:00:00,USD,New Home Sales,617K,621K,153.811,153.82,153.857,154.033,153.74
2024-07-24 23:50:00,JPY,SPPI y/y,3.0%,2.7%,152.385,152.426,152.428,153.825,0.0
2024-07-25 12:30:00,USD,Advance GDP q/q,2.8%,1.4%,154.175,154.185,154.241,153.82,0.0
2024-07-25 14:30:00,USD,Natural Gas Storage,22B,10B,153.911,153.906,153.882,153.773,0.0
2024-07-25 23:30:00,JPY,Tokyo Core CPI y/y,2.2%,2.1%,153.801,153.849,153.813,0.0,0.0
2024-07-26 12:30:00,USD,Core PCE Price Index m/m,0.2%,0.1%,153.81,153.82,153.778,0.0,0.0
2024-07-26 14:00:00,USD,Revised UoM Consumer Sentiment,66.4,66.0,153.705,153.74,153.751,0.0,0.0
2024-07-29 23:30:00,JPY,Unemployment Rate,2.5%,2.6%,154.059,154.102,154.123,152.751,149.597
2024-07-30 13:00:00,USD,S&P/CS Composite-20 HPI y/y,6.8%,7.3%,153.257,153.163,153.317,150.569,149.932
2024-07-30 14:00:00,USD,CB Consumer Confidence,100.3,97.8,153.186,153.213,153.286,151.182,149.704
2024-07-30 23:50:00,JPY,Prelim Industrial Production m/m,-3.6%,3.6%,152.269,152.391,152.608,149.482,149.462
2024-07-31 04:59:00,JPY,Consumer Confidence,36.7,36.4,150.731,150.922,150.75,149.69,149.071
2024-07-31 05:00:00,JPY,Housing Starts y/y,-6.7%,-5.3%,150.792,150.856,150.849,149.611,149.056
2024-07-31 12:15:00,USD,ADP Non-Farm Employment Change,122K,155K,150.489,150.512,150.571,150.063,147.043
2024-07-31 13:45:00,USD,Chicago PMI,45.3,47.4,150.8,150.849,150.87,149.707,146.821
2024-07-31 14:00:00,USD,Pending Home Sales m/m,4.8%,-1.9%,150.894,151.182,151.124,149.704,146.806
2024-07-31 14:30:00,USD,Crude Oil Inventories,-3.4M,-3.7M,150.918,150.848,150.662,149.636,146.773
2024-07-31 18:00:00,USD,Federal Funds Rate,5.50%,5.50%,149.891,149.928,149.933,149.273,0.0
2024-08-01 00:30:00,JPY,Final Manufacturing PMI,49.1,49.2,149.471,149.405,149.416,149.404,0.0
2024-08-01 12:30:00,USD,Unemployment Claims,249K,235K,149.828,149.839,149.746,147.054,0.0
2024-08-01 13:45:00,USD,Final Manufacturing PMI,49.6,49.5,149.668,149.707,149.673,146.821,0.0
2024-08-01 14:00:00,USD,ISM Manufacturing PMI,46.8,48.5,149.793,149.704,149.724,146.806,0.0
2024-08-01 14:30:00,USD,Natural Gas Storage,18B,22B,149.649,149.636,149.632,146.773,0.0
2024-08-01 23:50:00,JPY,Monetary Base y/y,1.0%,0.6%,149.46,149.462,149.451,0.0,0.0
2024-08-02 12:30:00,USD,Average Hourly Earnings m/m,0.2%,0.3%,147.034,147.054,147.033,0.0,0.0
2024-08-02 14:00:00,USD,Factory Orders m/m,-3.3%,-0.5%,146.841,146.806,146.855,0.0,0.0
2024-08-05 13:45:00,USD,Final Services PMI,55.0,56.0,0.0,0.0,0.0,145.232,147.231
2024-08-05 14:00:00,USD,ISM Services PMI,51.4,48.8,0.0,143.979,144.1,145.311,146.992
2024-08-05 23:30:00,JPY,Average Cash Earnings y/y,4.5%,2.0%,145.511,145.737,145.756,147.047,146.539
2024-08-06 03:35:00,JPY,10-y Bond Auction,0.93|3.0,1.09|3.2,145.858,145.647,145.604,146.404,145.796
2024-08-06 14:05:00,USD,RCM/TIPP Economic Optimism,44.5,44.2,145.311,145.217,145.182,146.905,147.377
2024-08-07 05:00:00,JPY,Leading Indicators,108.6%,111.2%,147.09,147.152,147.169,146.212,147.244
2024-08-07 14:30:00,USD,Crude Oil Inventories,-3.7M,-3.4M,146.911,146.968,146.933,147.322,146.677
2024-08-07 17:01:00,USD,10-y Bond Auction,3.96|2.3,4.28|2.6,146.75,0.0,146.644,0.0,0.0
2024-08-07 19:00:00,USD,Consumer Credit m/m,8.9B,13.9B,146.543,146.512,146.509,147.25,0.0
2024-08-07 23:50:00,JPY,Bank Lending y/y,3.2%,3.2%,146.635,146.711,146.498,147.219,0.0
2024-08-08 03:35:00,JPY,30-y Bond Auction,2.23|3.5,2.19|3.0,145.825,145.796,145.838,147.19,0.0
2024-08-08 05:00:00,JPY,Economy Watchers Sentiment,47.5,47.0,146.126,146.212,146.19,147.244,0.0
2024-08-08 12:30:00,USD,Unemployment Claims,233K,250K,147.223,147.195,147.156,146.589,0.0
2024-08-08 14:00:00,USD,Final Wholesale Inventories m/m,0.2%,0.2%,147.346,147.32,147.377,146.704,0.0
2024-08-08 14:30:00,USD,Natural Gas Storage,21B,18B,147.387,147.322,147.267,146.677,0.0
2024-08-08 17:01:00,USD,30-y Bond Auction,4.31|2.3,4.41|2.3,147.259,0.0,147.145,0.0,0.0
2024-08-08 23:50:00,JPY,M2 Money Stock y/y,1.4%,1.5%,147.151,147.219,147.178,0.0,0.0
2024-08-12 13:56:00,USD,Cleveland Fed Inflation Expectations,3.4%,3.8%,147.122,147.183,147.171,146.892,147.239
2024-08-12 18:00:00,USD,Federal Budget Balance,-243.7B,-66.0B,147.185,147.181,147.216,146.835,147.247
2024-08-12 23:50:00,JPY,PPI y/y,3.0%,2.9%,147.449,147.433,147.477,146.893,147.367
2024-08-13 05:58:00,JPY,Prelim Machine Tool Orders y/y,8.4%,9.7%,147.833,147.906,147.875,147.097,147.384
2024-08-13 09:55:00,USD,NFIB Small Business Index,93.7,91.5,147.162,147.062,147.082,147.017,149.101
2024-08-13 12:30:00,USD,Core PPI m/m,0.0%,0.3%,146.916,146.924,146.876,146.876,148.937
2024-08-14 12:30:00,USD,Core CPI m/m,0.2%,0.1%,146.827,146.876,146.859,148.937,148.07
2024-08-14 14:30:00,USD,Crude Oil Inventories,1.4M,-3.7M,147.198,147.245,147.217,149.005,147.743
2024-08-14 23:50:00,JPY,Prelim GDP Price Index y/y,3.0%,3.4%,147.352,147.367,147.407,148.926,0.0
2024-08-15 04:30:00,JPY,Revised Industrial Production m/m,-4.2%,-3.6%,147.297,147.373,147.31,148.745,0.0
2024-08-15 13:15:00,USD,Capacity Utilization Rate,77.8%,78.4%,148.985,149.009,149.022,147.853,0.0
2024-08-15 14:00:00,USD,Business Inventories m/m,0.3%,0.5%,149.1,149.059,149.029,147.72,0.0
2024-08-15 14:23:00,USD,Mortgage Delinquencies,3.97%,3.94%,149.028,149.013,148.991,147.792,0.0
2024-08-15 20:00:00,USD,TIC Long-Term Purchases,96.1B,-54.1B,149.203,149.229,149.122,0.0,0.0
2024-08-16 04:30:00,JPY,Tertiary Industry Activity m/m,-1.3%,0.6%,148.797,148.745,148.698,0.0,0.0
2024-08-16 14:00:00,USD,Prelim UoM Consumer Sentiment,67.8,66.4,147.725,147.72,147.753,0.0,0.0
2024-08-18 23:50:00,JPY,Core Machinery Orders m/m,2.1%,-3.2%,146.489,146.45,146.333,147.01,145.46
2024-08-19 14:00:00,USD,CB Leading Index m/m,-0.6%,-0.2%,146.541,146.537,146.513,145.49,144.881
2024-08-20 23:50:00,JPY,Trade Balance,-0.76T,-0.82T,145.541,145.46,145.478,145.259,145.691
2024-08-21 14:00:00,USD,Prelim Benchmark Payrolls Revision,-818K,-306K,145.023,144.881,144.715,146.268,144.442
2024-08-21 14:30:00,USD,Crude Oil Inventories,-4.6M,1.4M,144.511,144.542,144.681,146.252,144.185
2024-08-22 00:30:00,JPY,Flash Manufacturing PMI,49.5,49.1,145.081,145.035,145.036,145.835,0.0
2024-08-22 12:30:00,USD,Unemployment Claims,232K,228K,146.188,146.213,146.294,144.84,0.0
2024-08-22 13:45:00,USD,Flash Manufacturing PMI,48.0,49.6,146.397,146.388,146.383,144.5,0.0
2024-08-22 14:30:00,USD,Natural Gas Storage,35B,-6B,146.28,146.252,146.284,144.185,0.0
2024-08-22 23:30:00,JPY,National Core CPI y/y,2.7%,2.6%,145.557,145.572,145.627,0.0,0.0
2024-08-26 12:30:00,USD,Core Durable Goods Orders m/m,-0.2%,0.4%,144.509,144.531,144.55,144.137,144.616
2024-08-26 23:50:00,JPY,SPPI y/y,2.8%,3.1%,144.897,144.924,144.861,144.39,144.564
2024-08-27 05:00:00,JPY,BOJ Core CPI y/y,1.8%,2.1%,145.03,145.068,144.955,144.325,144.711
2024-08-27 13:00:00,USD,S&P/CS Composite-20 HPI y/y,6.5%,6.9%,144.15,144.144,144.109,144.733,144.985
2024-08-27 13:59:00,USD,Richmond Manufacturing Index,-19,-17,144.139,144.149,144.078,144.63,144.854
2024-08-28 14:30:00,USD,Crude Oil Inventories,-0.8M,-4.6M,144.609,144.651,144.642,144.804,146.128
2024-08-29 05:00:00,JPY,Consumer Confidence,36.7,36.7,144.716,144.711,144.664,145.105,0.0
2024-08-29 14:00:00,USD,Pending Home Sales m/m,-5.5%,4.8%,144.883,144.81,144.836,146.137,0.0
2024-08-29 14:30:00,USD,Natural Gas Storage,35B,35B,144.876,144.804,144.799,146.128,0.0
2024-08-29 23:30:00,JPY,Tokyo Core CPI y/y,2.4%,2.2%,144.774,144.757,144.763,0.0,0.0
2024-08-29 23:50:00,JPY,Prelim Industrial Production m/m,2.8%,-4.2%,144.761,144.767,144.771,0.0,0.0
2024-08-30 05:00:00,JPY,Housing Starts y/y,-0.2%,-6.7%,145.04,145.105,145.07,0.0,0.0
2024-08-30 13:45:00,USD,Chicago PMI,46.1,45.3,146.158,146.144,146.137,0.0,0.0
2024-08-30 14:00:00,USD,Revised UoM Consumer Sentiment,67.9,67.8,146.133,146.137,146.155,0.0,0.0
2024-09-01 23:50:00,JPY,Capital Spending q/y,7.4%,6.8%,145.889,145.959,145.975,146.477,145.4
2024-09-02 00:30:00,JPY,Final Manufacturing PMI,49.8,49.5,145.84,145.857,145.901,146.462,145.498
2024-09-02 23:50:00,JPY,Monetary Base y/y,0.6%,1.0%,146.596,146.477,146.518,145.4,143.715
2024-09-03 03:35:00,JPY,10-y Bond Auction,0.92|3.2,0.93|3.0,146.207,146.123,146.112,144.859,143.637
2024-09-03 13:45:00,USD,Final Manufacturing PMI,47.9,48.0,145.851,145.831,145.823,143.968,143.344
2024-09-03 14:00:00,USD,ISM Manufacturing PMI,47.2,46.8,145.852,145.892,145.829,144.089,143.332
2024-09-03 14:07:00,USD,RCM/TIPP Economic Optimism,46.1,44.5,145.885,145.829,145.81,144.015,143.274
2024-09-04 14:00:00,USD,JOLTS Job Openings,7.67M,7.91M,144.019,144.089,144.022,143.332,142.447
2024-09-04 23:30:00,JPY,Average Cash Earnings y/y,3.6%,4.5%,143.821,143.812,143.817,143.144,0.0
2024-09-05 03:35:00,JPY,30-y Bond Auction,2.04|3.4,2.23|3.5,143.571,143.637,143.61,142.309,0.0
2024-09-05 11:30:00,USD,Challenger Job Cuts y/y,1.0%,9.2%,143.691,143.649,143.631,142.243,0.0
2024-09-05 12:15:00,USD,ADP Non-Farm Employment Change,99K,111K,143.521,143.454,143.431,142.541,0.0
2024-09-05 13:45:00,USD,Final Services PMI,55.7,55.2,143.267,143.344,143.382,142.371,0.0
2024-09-05 14:00:00,USD,ISM Services PMI,51.5,51.4,143.359,143.332,143.266,142.447,0.0
2024-09-05 14:30:00,USD,Natural Gas Storage,13B,35B,143.257,143.287,143.285,142.256,0.0
2024-09-05 15:00:00,USD,Crude Oil Inventories,-6.9M,-0.8M,143.449,143.417,143.414,142.382,0.0
2024-09-05 23:30:00,JPY,Household Spending y/y,0.1%,-1.4%,143.157,143.144,143.103,0.0,0.0
2024-09-06 05:00:00,JPY,Leading Indicators,109.5%,109.0%,142.56,142.633,142.704,0.0,0.0
2024-09-08 23:50:00,JPY,Bank Lending y/y,3.0%,3.2%,142.752,142.655,142.683,143.232,141.357
2024-09-09 05:00:00,JPY,Economy Watchers Sentiment,49.0,47.5,143.406,143.353,143.333,143.43,141.498
2024-09-09 14:00:00,USD,Final Wholesale Inventories m/m,0.2%,0.3%,142.798,142.808,142.795,142.427,142.206
2024-09-09 19:00:00,USD,Consumer Credit m/m,25.5B,5.2B,143.011,143.098,143.066,142.446,142.45
2024-09-09 23:50:00,JPY,M2 Money Stock y/y,1.3%,1.5%,143.226,143.232,143.196,141.357,142.558
2024-09-10 05:58:00,JPY,Prelim Machine Tool Orders y/y,-3.5%,8.4%,143.194,143.171,143.17,141.562,142.676
2024-09-10 09:59:00,USD,NFIB Small Business Index,91.2,93.7,143.029,143.005,142.986,141.814,142.007
2024-09-11 12:30:00,USD,Core CPI m/m,0.3%,0.2%,141.96,141.978,141.905,142.553,140.775
2024-09-11 14:30:00,USD,Crude Oil Inventories,0.8M,-6.9M,142.235,142.211,142.23,142.07,140.859
2024-09-11 17:01:00,USD,10-y Bond Auction,3.65|2.6,3.96|2.3,142.355,142.259,142.275,0.0,0.0
2024-09-11 23:50:00,JPY,BSI Manufacturing Index,4.5,-1.0,142.507,142.558,142.579,141.02,0.0
2024-09-12 12:00:00,USD,Federal Budget Balance,-380.1B,-243.7B,142.29,142.239,142.344,140.729,0.0
2024-09-12 14:30:00,USD,Natural Gas Storage,40B,13B,142.091,142.07,142.07,140.859,0.0
2024-09-12 17:01:00,USD,30-y Bond Auction,4.02|2.4,4.31|2.3,141.81,0.0,141.794,0.0,0.0
2024-09-13 04:30:00,JPY,Revised Industrial Production m/m,3.1%,2.8%,140.783,140.821,140.718,0.0,0.0
2024-09-13 14:00:00,USD,Prelim UoM Consumer Sentiment,69.0,67.9,140.925,140.911,140.877,0.0,0.0
2024-09-17 04:30:00,JPY,Tertiary Industry Activity m/m,1.4%,-1.2%,140.56,140.524,140.503,141.786,142.751
2024-09-17 13:15:00,USD,Capacity Utilization Rate,78.0%,77.4%,141.902,141.805,141.851,141.892,143.014
2024-09-17 14:00:00,USD,Business Inventories m/m,0.4%,0.3%,141.9,141.913,141.983,140.966,142.924
2024-09-17 23:50:00,JPY,Core Machinery Orders m/m,-0.1%,2.1%,141.409,141.412,141.388,142.984,142.215
2024-09-18 14:30:00,USD,Crude Oil Inventories,-1.6M,0.8M,140.828,140.798,140.666,142.629,143.917
2024-09-18 18:00:00,USD,Federal Funds Rate,5.00%,5.50%,142.121,142.097,142.069,142.605,0.0
2024-09-18 20:00:00,USD,TIC Long-Term Purchases,135.4B,80.5B,142.658,142.805,142.774,142.851,0.0
2024-09-19 12:30:00,USD,Unemployment Claims,219K,231K,142.929,142.916,143.032,143.809,0.0
2024-09-19 14:00:00,USD,Existing Home Sales,3.86M,3.96M,142.94,142.924,142.863,143.97,0.0
2024-09-19 14:30:00,USD,Natural Gas Storage,58B,40B,142.585,142.629,142.562,143.917,0.0
2024-09-19 23:30:00,JPY,National Core CPI y/y,2.8%,2.7%,142.073,142.132,142.128,0.0,0.0
2024-09-20 02:52:00,JPY,BOJ Policy Rate,<0.25%,<0.25%,142.415,142.82,142.912,0.0,0.0
2024-09-23 13:45:00,USD,Flash Manufacturing PMI,47.0,47.9,143.287,143.275,143.383,143.572,144.509
2024-09-24 00:30:00,JPY,Flash Manufacturing PMI,49.6,49.8,143.875,143.883,143.806,143.34,144.838
2024-09-24 13:00:00,USD,S&P/CS Composite-20 HPI y/y,5.9%,6.5%,143.42,143.486,143.464,144.507,144.833
2024-09-24 13:59:00,USD,Richmond Manufacturing Index,-21,-19,143.523,143.475,143.443,144.551,144.716
2024-09-24 14:00:00,USD,CB Consumer Confidence,98.7,105.6,143.505,143.453,143.423,144.542,144.721
2024-09-24 23:50:00,JPY,SPPI y/y,2.7%,2.7%,143.351,143.377,143.317,144.96,145.193
2024-09-25 04:59:00,JPY,BOJ Core CPI y/y,1.8%,1.8%,143.981,143.937,143.988,144.825,143.14
2024-09-25 14:00:00,USD,New Home Sales,716K,751K,144.532,144.542,144.524,144.721,142.384
2024-09-25 14:30:00,USD,Crude Oil Inventories,-4.5M,-1.6M,144.611,144.59,144.64,144.733,142.123
2024-09-26 12:30:00,USD,Final GDP q/q,3.0%,3.0%,144.815,144.736,144.715,142.616,0.0
2024-09-26 14:00:00,USD,Pending Home Sales m/m,0.6%,-5.5%,144.697,144.721,144.727,142.384,0.0
2024-09-26 23:30:00,JPY,Tokyo Core CPI y/y,2.0%,2.4%,145.063,145.105,145.113,0.0,0.0
2024-09-27 14:00:00,USD,Revised UoM Consumer Sentiment,70.1,69.0,142.336,142.384,142.408,0.0,0.0
2024-09-29 23:50:00,JPY,Prelim Industrial Production m/m,-3.3%,3.1%,142.397,142.423,142.45,144.255,144.156
2024-09-30 05:00:00,JPY,Housing Starts y/y,-5.1%,-0.2%,142.556,142.511,142.494,143.788,144.307
2024-09-30 13:45:00,USD,Chicago PMI,46.6,46.1,143.02,143.068,143.009,143.724,146.159
2024-09-30 23:30:00,JPY,Unemployment Rate,2.5%,2.7%,144.149,144.188,144.196,143.974,146.916
2024-10-01 00:30:00,JPY,Final Manufacturing PMI,49.7,49.6,144.373,144.382,144.364,143.868,146.829
2024-10-01 13:45:00,USD,Final Manufacturing PMI,47.3,47.0,143.624,143.724,143.794,146.159,146.635
2024-10-01 23:50:00,JPY,Monetary Base y/y,-0.1%,0.6%,144.122,144.156,144.145,146.799,146.42
2024-10-02 05:00:00,JPY,Consumer Confidence,36.9,36.7,144.295,144.307,144.361,146.795,146.372
2024-10-02 12:15:00,USD,ADP Non-Farm Employment Change,143K,103K,146.025,146.089,146.016,146.817,148.848
2024-10-02 14:30:00,USD,Crude Oil Inventories,3.9M,-4.5M,146.292,146.266,146.257,146.743,148.808
2024-10-03 03:35:00,JPY,10-y Bond Auction,0.87|3.5,0.92|3.2,146.362,146.392,146.354,146.283,0.0
2024-10-03 11:30:00,USD,Challenger Job Cuts y/y,53.4%,1.0%,146.65,146.771,146.751,148.588,0.0
2024-10-03 12:30:00,USD,Unemployment Claims,225K,219K,146.828,146.877,146.877,148.929,0.0
2024-10-03 13:45:00,USD,Final Services PMI,55.2,55.4,146.634,146.635,146.648,148.803,0.0
2024-10-03 14:00:00,USD,ISM Services PMI,54.9,51.5,146.683,146.672,146.736,148.793,0.0
2024-10-03 14:30:00,USD,Natural Gas Storage,55B,47B,146.73,146.743,146.815,148.808,0.0
2024-10-04 12:30:00,USD,Average Hourly Earnings m/m,0.4%,0.5%,148.929,148.929,148.959,0.0,0.0
2024-10-07 05:00:00,JPY,Leading Indicators,106.7%,109.3%,148.341,148.312,148.368,147.84,148.722
2024-10-07 19:00:00,USD,Consumer Credit m/m,8.9B,26.6B,147.954,147.78,147.836,148.221,149.208
2024-10-07 23:50:00,JPY,Current Account,3.02T,2.80T,147.93,147.907,147.831,148.307,149.211
2024-10-08 03:35:00,JPY,30-y Bond Auction,2.15|3.3,2.04|3.4,147.676,147.804,147.568,148.468,149.141
2024-10-08 05:00:00,JPY,Economy Watchers Sentiment,47.8,49.0,147.81,147.84,147.813,148.722,149.096
2024-10-08 10:00:00,USD,NFIB Small Business Index,91.5,91.2,148.232,148.302,148.255,149.09,148.421
2024-10-08 12:30:00,USD,Trade Balance,-70.4B,-78.9B,148.102,148.164,148.133,149.272,148.446
2024-10-08 14:00:00,USD,RCM/TIPP Economic Optimism,46.9,46.1,148.272,148.266,148.257,149.182,148.836
2024-10-09 05:59:00,JPY,Prelim Machine Tool Orders y/y,-6.5%,-3.5%,148.621,148.617,148.663,148.881,148.94
2024-10-09 14:00:00,USD,Final Wholesale Inventories m/m,0.1%,0.2%,149.231,149.182,149.25,148.836,149.055
2024-10-09 14:30:00,USD,Crude Oil Inventories,5.8M,3.9M,149.217,149.237,149.26,148.746,149.07
2024-10-09 17:01:00,USD,10-y Bond Auction,4.07|2.5,3.65|2.6,149.321,0.0,149.218,148.514,0.0
2024-10-09 23:50:00,JPY,Bank Lending y/y,2.7%,3.0%,149.204,149.211,149.216,148.696,0.0
2024-10-10 12:30:00,USD,Core CPI m/m,0.3%,0.3%,148.479,148.446,148.524,149.043,0.0
2024-10-10 17:01:00,USD,30-y Bond Auction,4.39|2.5,4.02|2.4,148.572,148.514,148.52,0.0,0.0
2024-10-10 23:50:00,JPY,M2 Money Stock y/y,1.3%,1.3%,148.675,148.696,148.712,0.0,0.0
2024-10-11 14:00:00,USD,Prelim UoM Consumer Sentiment,68.9,70.1,149.074,149.055,149.045,0.0,0.0
2024-10-15 04:30:00,JPY,Revised Industrial Production m/m,-3.3%,-3.3%,149.09,149.131,149.166,149.374,149.767
2024-10-15 23:50:00,JPY,Core Machinery Orders m/m,-1.9%,-0.1%,149.171,149.184,149.162,149.534,149.908
2024-10-16 23:50:00,JPY,Trade Balance,-0.19T,-0.47T,149.528,149.534,149.553,149.908,0.0
2024-10-17 04:30:00,JPY,Tertiary Industry Activity m/m,-1.1%,2.2%,149.738,149.767,149.782,149.998,0.0
2024-10-17 13:15:00,USD,Capacity Utilization Rate,77.5%,77.8%,150.173,150.188,150.217,149.476,0.0
2024-10-17 14:00:00,USD,Business Inventories m/m,0.3%,0.3%,150.218,150.255,150.218,149.588,0.0
2024-10-17 14:30:00,USD,Natural Gas Storage,76B,82B,150.216,150.212,150.209,149.486,0.0
2024-10-17 15:00:00,USD,Crude Oil Inventories,-2.2M,5.8M,150.228,150.287,150.276,149.539,0.0
2024-10-17 20:00:00,USD,TIC Long-Term Purchases,111.4B,137.9B,150.074,150.105,150.032,0.0,0.0
2024-10-17 23:30:00,JPY,National Core CPI y/y,2.4%,2.8%,149.929,149.908,149.933,0.0,0.0
2024-10-18 12:30:00,USD,Building Permits,1.43M,1.47M,149.55,149.503,149.51,0.0,0.0
2024-10-18 20:00:00,USD,Federal Budget Balance,64.3B,-380.1B,0.0,0.0,0.0,0.0,149.599
2024-10-21 14:00:00,USD,CB Leading Index m/m,-0.5%,-0.3%,150.772,150.734,150.726,0.0,152.708
2024-10-22 05:00:00,JPY,BOJ Core CPI y/y,1.7%,1.8%,151.013,151.008,150.927,152.415,152.023
2024-10-22 13:59:00,USD,Richmond Manufacturing Index,-14,-21,0.0,0.0,0.0,152.771,151.623
2024-10-24 00:30:00,JPY,Flash Manufacturing PMI,49.0,49.7,152.248,152.243,152.18,151.698,0.0
2024-10-24 12:30:00,USD,Unemployment Claims,227K,242K,151.698,151.713,151.694,152.202,0.0
2024-10-24 13:45:00,USD,Flash Manufacturing PMI,47.8,47.3,151.596,151.623,151.602,152.111,0.0
2024-10-24 14:00:00,USD,New Home Sales,738K,709K,151.596,151.64,151.654,152.147,0.0
2024-10-24 14:30:00,USD,Natural Gas Storage,80B,76B,151.738,151.771,151.782,152.264,0.0
2024-10-24 23:30:00,JPY,Tokyo Core CPI y/y,1.8%,2.0%,151.879,151.88,151.882,0.0,0.0
2024-10-24 23:50:00,JPY,SPPI y/y,2.6%,2.8%,151.843,151.869,151.858,0.0,0.0
2024-10-25 14:00:00,USD,Revised UoM Consumer Sentiment,70.5,68.9,152.16,152.147,152.147,0.0,0.0
2024-10-28 23:30:00,JPY,Unemployment Rate,2.4%,2.5%,152.959,152.944,152.922,153.227,152.846
2024-10-29 12:30:00,USD,Goods Trade Balance,-108.2B,-94.2B,153.422,153.432,153.44,153.24,0.0
2024-10-29 13:00:00,USD,S&P/CS Composite-20 HPI y/y,5.2%,5.9%,153.451,153.425,153.458,153.229,0.0
2024-10-29 14:00:00,USD,CB Consumer Confidence,108.7,99.2,153.412,153.387,153.402,153.276,0.0
2024-10-30 05:00:00,JPY,Consumer Confidence,36.2,36.9,153.072,153.034,152.919,152.543,152.789
2024-10-30 12:15:00,USD,ADP Non-Farm Employment Change,233K,159K,153.227,153.206,153.21,0.0,152.921
2024-10-30 12:30:00,USD,Advance GDP q/q,2.8%,3.0%,153.207,153.24,153.217,0.0,152.925
2024-10-30 14:00:00,USD,Pending Home Sales m/m,7.4%,0.6%,153.222,153.276,153.328,0.0,152.979
2024-10-30 14:30:00,USD,Crude Oil Inventories,-0.5M,5.5M,153.381,153.366,153.293,0.0,152.96
2024-10-30 23:50:00,JPY,Prelim Industrial Production m/m,1.4%,-3.3%,152.888,152.882,152.886,152.485,0.0
2024-10-31 05:00:00,JPY,Housing Starts y/y,-0.6%,-5.1%,152.444,152.543,152.44,152.789,0.0
2024-10-31 11:30:00,USD,Challenger Job Cuts y/y,50.9%,53.4%,0.0,0.0,0.0,152.948,0.0
2024-10-31 13:45:00,USD,Chicago PMI,41.6,46.6,0.0,0.0,0.0,152.905,0.0
2024-10-31 14:30:00,USD,Natural Gas Storage,78B,80B,0.0,0.0,0.0,152.96,0.0
2024-11-01 12:30:00,USD,Average Hourly Earnings m/m,0.4%,0.3%,152.939,152.925,152.968,0.0,0.0
2024-11-01 13:45:00,USD,Final Manufacturing PMI,48.5,47.8,152.901,152.905,152.933,0.0,0.0
2024-11-01 14:00:00,USD,ISM Manufacturing PMI,46.5,47.2,152.94,152.979,153.005,0.0,0.0
2024-11-04 15:00:00,USD,Factory Orders m/m,-0.5%,-0.8%,152.133,152.16,152.138,151.471,154.432
2024-11-04 23:50:00,JPY,Monetary Base y/y,-0.3%,-0.1%,152.439,152.475,152.475,153.66,154.109
2024-11-05 14:45:00,USD,Final Services PMI,55.0,55.3,151.516,151.461,151.419,154.405,153.275
2024-11-05 15:00:00,USD,ISM Services PMI,56.0,54.9,151.367,151.471,151.449,154.432,153.107
2024-11-05 18:01:00,USD,10-y Bond Auction,4.35|2.6,4.07|2.5,151.563,151.652,151.688,154.463,152.962
2024-11-06 15:30:00,USD,Crude Oil Inventories,2.1M,-0.5M,154.479,154.486,154.497,152.881,152.636
2024-11-06 18:01:00,USD,30-y Bond Auction,4.61|2.6,4.39|2.5,154.532,154.463,154.387,152.962,0.0
2024-11-06 23:30:00,JPY,Average Cash Earnings y/y,2.8%,2.8%,153.967,154.088,154.09,152.694,0.0
2024-11-07 03:35:00,JPY,10-y Bond Auction,1.00|3.1,0.87|3.5,153.855,153.923,153.969,152.522,0.0
2024-11-07 13:30:00,USD,Unemployment Claims,221K,218K,152.921,152.943,152.911,152.688,0.0
2024-11-07 15:00:00,USD,Final Wholesale Inventories m/m,-0.2%,-0.1%,152.979,153.107,152.897,152.716,0.0
2024-11-07 15:30:00,USD,Natural Gas Storage,69B,78B,152.801,152.881,152.923,152.636,0.0
2024-11-07 19:00:00,USD,Federal Funds Rate,4.75%,5.00%,153.165,153.156,153.127,0.0,0.0
2024-11-07 20:00:00,USD,Consumer Credit m/m,6.0B,7.6B,153.09,153.093,153.054,0.0,0.0
2024-11-07 23:30:00,JPY,Household Spending y/y,-1.1%,-1.9%,152.708,152.694,152.683,0.0,0.0
2024-11-08 05:00:00,JPY,Leading Indicators,109.4%,106.9%,152.321,152.295,152.232,0.0,0.0
2024-11-08 15:00:00,USD,Prelim UoM Consumer Sentiment,73.0,70.5,152.696,152.716,152.719,0.0,0.0
2024-11-10 23:50:00,JPY,Bank Lending y/y,2.7%,2.7%,153.592,153.517,153.56,153.589,154.878
2024-11-11 05:00:00,JPY,Economy Watchers Sentiment,47.5,47.8,153.618,153.623,153.592,154.092,154.931
2024-11-11 23:50:00,JPY,M2 Money Stock y/y,1.2%,1.2%,153.557,153.589,153.531,154.878,156.082
2024-11-12 05:59:00,JPY,Prelim Machine Tool Orders y/y,9.3%,-6.4%,154.026,154.049,153.986,154.991,156.055
2024-11-12 10:55:00,USD,NFIB Small Business Index,93.7,91.5,154.495,154.493,154.529,154.957,155.965
2024-11-12 14:45:00,USD,Cleveland Fed Inflation Expectations,3.8%,3.4%,154.736,154.697,154.689,155.449,155.993
2024-11-12 15:06:00,USD,RCM/TIPP Economic Optimism,53.2,46.9,154.746,154.747,154.759,155.54,156.285
2024-11-12 23:50:00,JPY,PPI y/y,3.4%,3.1%,154.859,154.878,154.871,156.082,156.338
2024-11-13 03:35:00,JPY,30-y Bond Auction,2.27|3.4,2.15|3.3,155.167,155.074,155.063,155.884,155.573
2024-11-13 13:30:00,USD,Core CPI m/m,0.3%,0.3%,155.482,155.483,155.479,155.922,154.036
2024-11-13 19:00:00,USD,Federal Budget Balance,-257.5B,64.3B,155.424,155.509,155.53,156.536,0.0
2024-11-14 13:30:00,USD,Core PPI m/m,0.3%,0.2%,155.896,155.922,155.928,154.036,0.0
2024-11-14 15:30:00,USD,Natural Gas Storage,42B,69B,156.156,156.188,156.297,154.329,0.0
2024-11-14 16:00:00,USD,Crude Oil Inventories,2.1M,2.1M,156.341,156.3,156.295,154.33,0.0
2024-11-14 23:50:00,JPY,Prelim GDP Price Index y/y,2.5%,3.2%,156.342,156.338,156.325,0.0,0.0
2024-11-15 04:30:00,JPY,Revised Industrial Production m/m,1.6%,1.4%,155.718,155.63,155.554,0.0,0.0
2024-11-15 14:15:00,USD,Capacity Utilization Rate,77.1%,77.4%,154.102,154.155,154.113,0.0,0.0
2024-11-15 15:00:00,USD,Business Inventories m/m,0.1%,0.3%,154.185,154.211,154.276,0.0,0.0
2024-11-17 23:50:00,JPY,Core Machinery Orders m/m,-0.7%,-1.9%,154.561,154.542,154.564,154.399,155.045
2024-11-18 21:00:00,USD,TIC Long-Term Purchases,216.1B,108.8B,154.088,154.087,154.04,154.791,155.032
2024-11-19 23:50:00,JPY,Trade Balance,-0.36T,-0.27T,154.99,155.045,155.034,155.052,154.418
2024-11-20 15:30:00,USD,Crude Oil Inventories,0.5M,2.1M,155.42,155.416,155.465,154.522,154.837
2024-11-21 15:30:00,USD,Natural Gas Storage,-3B,42B,154.556,154.522,154.488,154.837,0.0
2024-11-21 23:30:00,JPY,National Core CPI y/y,2.3%,2.4%,154.3,154.311,154.393,0.0,0.0
2024-11-22 00:30:00,JPY,Flash Manufacturing PMI,49.0,49.2,154.561,154.572,154.538,0.0,0.0
2024-11-22 14:45:00,USD,Flash Manufacturing PMI,48.8,48.5,154.776,154.788,154.802,0.0,0.0
2024-11-22 15:00:00,USD,Revised UoM Consumer Sentiment,71.8,73.0,154.777,154.796,154.803,0.0,0.0
2024-11-25 23:50:00,JPY,SPPI y/y,2.9%,2.8%,153.823,153.823,153.83,152.316,151.628
2024-11-26 05:00:00,JPY,BOJ Core CPI y/y,1.5%,1.7%,153.989,153.929,153.95,151.487,151.887
2024-11-26 14:00:00,USD,S&P/CS Composite-20 HPI y/y,4.6%,5.2%,153.378,153.333,153.217,150.882,151.535
2024-11-26 14:59:00,USD,Richmond Manufacturing Index,-14,-14,153.106,153.109,153.121,151.022,151.495
2024-11-27 13:30:00,USD,Prelim GDP q/q,2.8%,2.8%,150.77,150.77,150.769,151.495,149.645
2024-11-27 14:45:00,USD,Chicago PMI,40.2,41.6,150.975,150.965,150.989,151.541,149.604
2024-11-27 15:00:00,USD,Core PCE Price Index m/m,0.3%,0.3%,151.021,151.075,151.099,151.496,149.604
2024-11-27 15:30:00,USD,Crude Oil Inventories,-1.8M,0.5M,151.171,151.161,151.112,151.503,149.565
2024-11-27 17:00:00,USD,Natural Gas Storage,-2B,-3B,151.119,151.046,151.077,0.0,0.0
2024-11-28 23:30:00,JPY,Tokyo Core CPI y/y,2.2%,1.8%,149.916,149.917,150.0,0.0,0.0
2024-11-28 23:50:00,JPY,Prelim Industrial Production m/m,3.0%,1.6%,149.976,149.976,149.96,0.0,0.0
2024-11-29 05:00:00,JPY,Consumer Confidence,36.4,36.2,150.206,150.142,150.224,0.0,0.0
2024-12-01 23:50:00,JPY,Capital Spending q/y,8.1%,7.4%,150.579,150.624,150.618,150.146,149.939
2024-12-02 14:45:00,USD,Final Manufacturing PMI,49.7,48.8,149.564,149.532,149.519,149.397,150.355
2024-12-02 15:00:00,USD,ISM Manufacturing PMI,48.4,46.5,149.495,149.533,149.563,149.494,150.469
2024-12-02 23:50:00,JPY,Monetary Base y/y,-0.3%,-0.3%,150.146,150.146,150.19,149.939,150.396
2024-12-03 03:35:00,JPY,10-y Bond Auction,1.08|3.1,1.00|3.1,149.9,149.863,149.947,150.353,149.939
2024-12-03 15:00:00,USD,JOLTS Job Openings,7.74M,7.37M,149.495,149.494,149.439,150.469,150.042
2024-12-03 15:06:00,USD,RCM/TIPP Economic Optimism,54.0,53.2,149.51,149.451,149.43,150.55,150.075
2024-12-04 13:15:00,USD,ADP Non-Farm Employment Change,146K,184K,150.157,150.153,150.144,150.242,150.019
2024-12-04 14:45:00,USD,Final Services PMI,56.1,57.0,150.352,150.355,150.373,149.973,150.016
2024-12-04 15:00:00,USD,ISM Services PMI,52.1,56.0,150.406,150.469,150.513,150.042,149.977
2024-12-04 15:30:00,USD,Crude Oil Inventories,-5.1M,-1.8M,150.651,150.587,150.635,149.983,149.991
2024-12-05 03:35:00,JPY,30-y Bond Auction,2.29|3.5,2.27|3.4,149.906,149.939,149.934,150.315,0.0
2024-12-05 12:30:00,USD,Challenger Job Cuts y/y,26.8%,50.9%,150.15,150.108,150.12,149.947,0.0
2024-12-05 15:30:00,USD,Natural Gas Storage,-30B,-2B,150.003,149.983,150.02,149.991,0.0
2024-12-05 23:30:00,JPY,Average Cash Earnings y/y,2.6%,2.5%,149.932,149.922,149.905,0.0,0.0
2024-12-06 05:00:00,JPY,Leading Indicators,108.6%,109.1%,150.582,150.593,150.537,0.0,0.0
2024-12-06 20:00:00,USD,Consumer Credit m/m,19.2B,3.2B,0.0,0.0,0.0,0.0,149.872
2024-12-08 23:50:00,JPY,Bank Lending y/y,3.0%,2.6%,149.9,149.86,149.879,151.093,151.522
2024-12-09 05:00:00,JPY,Economy Watchers Sentiment,49.4,47.5,150.389,150.392,150.439,151.594,152.641
2024-12-09 15:00:00,USD,Final Wholesale Inventories m/m,0.2%,0.2%,151.234,151.221,151.26,151.912,152.633
2024-12-09 23:50:00,JPY,M2 Money Stock y/y,1.2%,1.2%,151.095,151.093,151.117,151.522,152.237
2024-12-10 05:58:00,JPY,Prelim Machine Tool Orders y/y,3.0%,9.3%,151.548,151.564,151.6,152.574,152.296
2024-12-10 11:00:00,USD,NFIB Small Business Index,101.7,93.7,152.156,152.114,152.128,152.486,152.279
2024-12-10 13:30:00,USD,Revised Nonfarm Productivity q/q,2.2%,2.2%,152.021,151.983,151.957,152.445,152.413
2024-12-10 23:50:00,JPY,BSI Manufacturing Index,6.3,4.5,151.554,151.522,151.505,152.237,152.986
2024-12-11 13:30:00,USD,Core CPI m/m,0.3%,0.3%,152.466,152.445,152.452,152.413,153.719
2024-12-11 18:01:00,USD,10-y Bond Auction,4.24|2.7,4.35|2.6,152.404,152.433,152.412,152.597,0.0
2024-12-11 19:00:00,USD,Federal Budget Balance,-366.8B,-257.5B,152.269,0.0,152.197,152.673,0.0
2024-12-12 15:30:00,USD,Natural Gas Storage,-190B,-30B,152.586,152.596,152.619,153.69,0.0
2024-12-12 18:01:00,USD,30-y Bond Auction,4.54|2.4,4.61|2.6,152.556,152.597,152.581,0.0,0.0
2024-12-12 23:50:00,JPY,Tankan Manufacturing Index,14,13,153.016,152.986,152.971,0.0,0.0
2024-12-13 04:30:00,JPY,Revised Industrial Production m/m,2.8%,3.0%,153.249,153.242,153.236,0.0,0.0
2024-12-15 23:50:00,JPY,Core Machinery Orders m/m,2.1%,-0.7%,153.822,153.81,153.761,154.04,153.37
2024-12-16 00:30:00,JPY,Flash Manufacturing PMI,49.5,49.0,153.696,153.699,153.672,154.071,153.457
2024-12-16 04:30:00,JPY,Tertiary Industry Activity m/m,0.3%,-0.1%,153.712,153.669,153.678,153.82,153.703
2024-12-16 13:30:00,USD,Empire State Manufacturing Index,0.2,31.2,154.165,154.173,154.165,153.284,153.748
2024-12-16 14:45:00,USD,Flash Manufacturing PMI,48.3,49.7,154.114,154.122,154.09,153.318,154.571
2024-12-17 14:15:00,USD,Capacity Utilization Rate,76.8%,77.0%,153.289,153.317,153.294,154.527,157.437
2024-12-17 15:00:00,USD,Business Inventories m/m,0.1%,0.0%,153.307,153.348,153.352,154.573,157.383
2024-12-17 23:50:00,JPY,Trade Balance,-0.38T,-0.23T,153.414,153.37,153.439,155.272,157.306
2024-12-18 13:30:00,USD,Building Permits,1.51M,1.42M,153.762,153.748,153.763,157.695,156.192
2024-12-18 15:30:00,USD,Crude Oil Inventories,-0.9M,-1.4M,154.5,154.606,154.61,157.39,156.059
2024-12-18 19:00:00,USD,Federal Funds Rate,4.50%,4.75%,154.623,154.702,154.609,157.693,0.0
2024-12-19 02:52:00,JPY,BOJ Policy Rate,<0.25%,<0.25%,156.388,156.273,156.479,156.84,0.0
2024-12-19 13:30:00,USD,Final GDP q/q,3.1%,2.8%,157.626,157.695,157.657,156.192,0.0
2024-12-19 15:00:00,USD,Existing Home Sales,4.15M,3.96M,157.356,157.383,157.396,156.022,0.0
2024-12-19 15:30:00,USD,Natural Gas Storage,-125B,-190B,157.349,157.39,157.342,156.059,0.0
2024-12-19 21:00:00,USD,TIC Long-Term Purchases,152.3B,216.1B,157.254,157.249,157.291,0.0,0.0
2024-12-19 23:30:00,JPY,National Core CPI y/y,2.7%,2.3%,157.114,157.098,157.17,0.0,0.0
2024-12-23 15:00:00,USD,CB Consumer Confidence,104.7,112.8,157.114,157.052,157.077,157.297,0.0
2024-12-24 04:59:00,JPY,BOJ Core CPI y/y,1.7%,1.5%,157.053,157.09,157.052,0.0,157.429
2024-12-24 14:59:00,USD,Richmond Manufacturing Index,-10,-14,157.302,157.284,157.283,0.0,157.984
2024-12-24 23:50:00,JPY,SPPI y/y,3.0%,2.9%,157.287,157.294,157.301,157.424,157.575
2024-12-26 13:30:00,USD,Unemployment Claims,219K,220K,157.936,157.925,157.896,157.822,0.0
2024-12-26 23:30:00,JPY,Tokyo Core CPI y/y,2.4%,2.2%,157.652,157.648,157.604,0.0,0.0
2024-12-27 05:00:00,JPY,Housing Starts y/y,-1.8%,-2.9%,157.84,157.875,157.845,0.0,0.0
2024-12-27 13:30:00,USD,Goods Trade Balance,-102.9B,-98.3B,157.818,157.822,157.786,0.0,0.0
2024-12-27 15:30:00,USD,Natural Gas Storage,-93B,-125B,157.902,157.939,157.916,0.0,0.0
2024-12-27 18:00:00,USD,Crude Oil Inventories,-4.2M,-0.9M,0.0,0.0,0.0,0.0,157.75
2024-12-30 00:30:00,JPY,Final Manufacturing PMI,49.6,49.5,157.82,157.867,157.872,156.189,0.0
2024-12-30 14:45:00,USD,Chicago PMI,36.9,40.2,157.007,157.032,157.054,157.258,0.0
2024-12-30 15:00:00,USD,Pending Home Sales m/m,2.2%,1.8%,157.055,157.106,157.032,157.321,0.0
2024-12-31 14:00:00,USD,S&P/CS Composite-20 HPI y/y,4.2%,4.6%,157.272,157.289,157.286,0.0,0.0
2024-01-02 13:30:00,USD,Unemployment Claims,211K,220K,141.878,141.877,141.88,143.628,144.618
2024-01-02 14:45:00,USD,Final Manufacturing PMI,49.4,48.3,141.939,141.947,141.99,143.252,144.581
2024-01-02 15:00:00,USD,Construction Spending m/m,0.0%,0.5%,141.982,141.952,141.958,143.258,144.567
2024-01-02 16:00:00,USD,Crude Oil Inventories,-1.2M,-4.2M,141.881,141.99,141.968,143.247,144.609
2024-01-03 15:00:00,USD,ISM Manufacturing PMI,49.3,48.4,143.3,143.258,143.167,144.567,144.668
2024-01-03 15:30:00,USD,Natural Gas Storage,-116B,-93B,143.241,143.244,143.247,144.578,144.673
